project,noOfBedRoom,rental_rent,mean_areaSqft
# 1 LOFT,1,3125.0,550.0
# 1 SUITES,1,3575.0,550.0
1 CANBERRA,3,4200.0,1000.0
1 KING ALBERT PARK,2,4450.0,1150.0
1 MOULMEIN RISE,3,6433.333333333333,1250.0
10 SHELFORD,1,3250.0,450.0
11 AMBER ROAD,3,5500.0,1450.0
111 EMERALD HILL,3,14500.0,2150.0
111 EMERALD HILL,4,15000.0,2450.0
120 GRANGE,1,4392.75,450.0
120 GRANGE,2,4860.0,550.0
16 @ AMBER,1,3000.0,450.0
18 WOODSVILLE,1,3300.0,450.0
18 WOODSVILLE,3,5100.0,950.0
183 LONGHAUS,2,3700.0,750.0
1919,2,5500.0,850.0
2 RVG,2,5400.0,950.0
21 RICHARDS,2,4000.0,650.0
24 ONE RESIDENCES,2,4100.0,450.0
26 NEWTON,1,3562.5,550.0
26 NEWTON,2,4200.0,550.0
28 RC SUITES,1,2900.0,450.0
3 ORCHARD BY-THE-PARK,4,19500.0,2250.0
336 RIVER VALLEY,2,6000.0,1550.0
368 THOMSON,2,4687.5,850.0
368 THOMSON,4,7575.0,1750.0
38 I SUITES,1,2850.0,450.0
38 I SUITES,2,3800.0,650.0
38 JERVOIS,1,5200.0,450.0
38 JERVOIS,3,5200.0,850.0
6 DERBYSHIRE,1,3500.0,550.0
6 DERBYSHIRE,3,6100.0,1050.0
7 ON CHAPEL,2,4800.0,750.0
70@TRURO,3,4180.0,850.0
76 SHENTON,1,4739.0,600.0
76 SHENTON,2,5875.0,950.0
8 @ MOUNT SOPHIA,1,4850.0,850.0
8 @ MOUNT SOPHIA,2,5933.333333333333,1150.0
8 @ MOUNT SOPHIA,3,8500.0,1550.0
8 BASSEIN,1,3030.0,450.0
8 FARRER SUITES,2,1800.0,550.0
8 NAPIER,3,16512.5,2050.0
8 NAPIER,4,23000.0,>3000
8 RODYK,2,7500.0,1250.0
8 SAINT THOMAS,1,4300.0,450.0
8 SAINT THOMAS,2,9000.0,850.0
8 SAINT THOMAS,3,9587.5,1350.0
8@WOODLEIGH,2,4375.0,850.0
8@WOODLEIGH,3,5725.0,1050.0
8M RESIDENCES,1,3450.0,550.0
A TREASURE TROVE,2,3750.0,816.6666666666666
A TREASURE TROVE,3,4400.0,1116.6666666666667
A TREASURE TROVE,4,4400.0,1350.0
AALTO,3,6000.0,1550.0
AALTO,4,9200.0,1950.0
ADAM PARK CONDOMINIUM,2,4200.0,1150.0
ADAM PARK CONDOMINIUM,3,5333.333333333333,1250.0
ADAM PARK CONDOMINIUM,4,6000.0,1450.0
ADRIA,1,3700.0,550.0
ADRIA,2,4050.0,650.0
ADRIA,3,6500.0,1250.0
AIRSTREAM,1,2800.0,450.0
ALESSANDREA,3,4775.0,1050.0
ALEX RESIDENCES,1,3832.5,475.0
ALEX RESIDENCES,2,5324.0,650.0
ALEX RESIDENCES,3,6550.0,983.3333333333334
ALEXIS,1,3208.3333333333335,375.0
ALEXIS,2,3870.0,730.0
ALLSWORTH PARK,2,4200.0,1050.0
ALTEZ,1,5262.5,662.5
ALTEZ,2,8460.0,1130.0
ALTEZ,3,9900.0,1650.0
AMANINDA,1,3500.0,650.0
AMARANDA GARDENS,3,5270.0,1230.0
AMARANDA GARDENS,4,7000.0,1450.0
AMARYLLIS VILLE,1,3950.0,650.0
AMARYLLIS VILLE,2,5416.666666666667,950.0
AMARYLLIS VILLE,3,7033.333333333333,1383.3333333333333
AMBER 45,2,5087.5,675.0
AMBER 45,4,10000.0,1750.0
AMBER RESIDENCES,2,6175.0,1150.0
AMBER RESIDENCES,3,7600.0,1750.0
AMBER SKYE,3,7800.0,1350.0
AMPAS APARTMENT,3,5200.0,1250.0
ANGULLIA PARK RESIDENCES @ ORCHARD,2,6400.0,950.0
ANGULLIA PARK RESIDENCES @ ORCHARD,3,8000.0,1350.0
AQUARIUS BY THE PARK,2,3316.6666666666665,850.0
AQUARIUS BY THE PARK,3,4300.0,1330.0
ARCHIPELAGO,1,2940.0,590.0
ARCHIPELAGO,2,4057.1428571428573,878.5714285714286
ARCHIPELAGO,3,5200.0,1325.0
ARCHIPELAGO,4,5800.0,1650.0
ARDMORE II,4,15100.0,2050.0
ARDMORE PARK,4,22075.0,2862.5
ARDMORE RESIDENCE,4,34500.0,>3000
ARDMORE THREE,3,14500.0,1750.0
ARTHUR 118,2,5200.0,1750.0
ARTRA,2,6000.0,750.0
ARTRA,3,8025.0,1175.0
ASCENTIA SKY,2,6466.666666666667,1000.0
ASCENTIA SKY,3,8133.333333333333,1450.0
ASPEN HEIGHTS,2,5280.0,1050.0
ASPEN HEIGHTS,3,6850.0,1435.7142857142858
ASPEN HEIGHTS,4,7780.0,1550.0
ASPEN HEIGHTS,5,10900.0,>3000
ASPEN LOFT,3,8000.0,2350.0
ASTON MANSIONS,2,3000.0,1050.0
ASTON MANSIONS,3,5200.0,1250.0
ASTOR GREEN,2,4000.0,1050.0
ASTOR GREEN,3,6000.0,1550.0
ASTORIA PARK,2,4200.0,950.0
ASTORIA PARK,3,4675.0,1150.0
ATHENA VILLE,2,2950.0,950.0
ATHENA VILLE,3,3300.0,1150.0
ATRIUM RESIDENCES,2,3200.0,850.0
ATRIUM RESIDENCES,3,5000.0,1370.0
AURA 83,2,3100.0,750.0
AUSTVILLE RESIDENCES,2,3250.0,850.0
AVA TOWERS,3,2666.6666666666665,1250.0
AVALON,2,4483.333333333333,1183.3333333333333
AVALON,3,8400.0,1850.0
AVANT RESIDENCES,2,3500.0,550.0
AVENUE SOUTH RESIDENCE,1,3852.5,550.0
AVENUE SOUTH RESIDENCE,2,4411.111111111111,661.1111111111111
AVILA GARDENS,2,3200.0,850.0
AVILA GARDENS,3,4050.0,1300.0
AVON PARK,3,5347.0,1250.0
AXIS @ SIGLAP,2,4500.0,850.0
AZALEA PARK CONDOMINIUM,3,3806.25,1225.0
BALESTIER PLAZA,3,3600.0,1350.0
BALESTIER REGENCY,3,3600.0,1450.0
BALLOTA PARK CONDOMINIUM,2,3250.0,1050.0
BALLOTA PARK CONDOMINIUM,3,3800.0,1350.0
BALMORAL 8,3,10300.0,2950.0
BALMORAL HILLS,4,9600.0,1850.0
BALMORAL PLACE,2,4750.0,900.0
BALMORAL PLAZA,3,7450.0,2300.0
BALMORAL RESIDENCES,3,8700.0,1750.0
BALMORAL TOWER,4,8500.0,2450.0
BALMY COURT,3,5300.0,1150.0
BARTLEY RESIDENCES,1,3250.0,450.0
BARTLEY RESIDENCES,2,4333.333333333333,833.3333333333334
BARTLEY RESIDENCES,3,4491.666666666667,1050.0
BARTLEY RIDGE,1,3090.0,450.0
BARTLEY RIDGE,2,3816.6666666666665,766.6666666666666
BARTLEY RIDGE,3,5175.0,1075.0
BAYOU RESIDENCE,3,3950.0,950.0
BAYSHORE PARK,1,3350.0,650.0
BAYSHORE PARK,2,3803.5714285714284,950.0
BAYSHORE PARK,3,4680.0,1170.0
BAYSHORE PARK,4,7120.0,2230.0
BAYVILLE CONDOMINIUM,3,4050.0,1200.0
BAYWATER,3,5800.0,1250.0
BAYWATER,4,6300.0,1550.0
BEACON HEIGHTS,1,3150.0,650.0
BEACON HEIGHTS,2,3850.0,850.0
BEAUFORT ON NASSIM,2,8050.0,1350.0
BEAUTY WORLD PLAZA,2,4500.0,1050.0
BEAVERTON COURT,3,6700.0,2050.0
BEDOK COURT,3,6000.0,2450.0
BEDOK RESIDENCES,1,3583.3333333333335,583.3333333333334
BEDOK RESIDENCES,2,4571.428571428572,864.2857142857143
BEDOK RESIDENCES,3,6366.666666666667,1216.6666666666667
BELLA CASITA,1,2800.0,550.0
BELLA CASITA,2,4000.0,950.0
BELLE VUE RESIDENCES,2,9100.0,1350.0
BELLE VUE RESIDENCES,3,11625.0,2287.5
BELLE VUE RESIDENCES,4,14500.0,2250.0
BELMOND GREEN,3,6250.0,1300.0
BELMONDO VIEW,3,1800.0,1350.0
BIJOU,1,3450.0,650.0
BIRMINGHAM MANSIONS,3,4800.0,1050.0
BISHAN 8,2,4700.0,950.0
BISHAN 8,3,4750.0,1150.0
BISHAN LOFT,3,5800.0,1350.0
BISHAN PARK CONDOMINIUM,3,4900.0,1350.0
BLISS@KOVAN,1,2775.0,550.0
BLISS@KOVAN,2,3662.5,875.0
BLISS@KOVAN,3,4825.0,1150.0
BLISSFUL VIEW,3,6000.0,1550.0
BLOSSOM RESIDENCES,3,5300.0,1450.0
BLOSSOMS @ WOODLEIGH,2,4350.0,1050.0
BLOSSOMS @ WOODLEIGH,3,5825.0,1250.0
BLOSSOMS @ WOODLEIGH,4,7600.0,1450.0
BLUE HORIZON,2,4342.857142857143,950.0
BLUE HORIZON,3,5731.578947368421,1171.0526315789473
BLUWATERS,3,3000.0,1150.0
BLUWATERS 2,2,3050.0,850.0
BOATHOUSE RESIDENCES,1,3000.0,650.0
BOATHOUSE RESIDENCES,2,3200.0,750.0
BOATHOUSE RESIDENCES,3,4000.0,850.0
BOONVIEW,3,4800.0,1250.0
BOTANIC GARDENS MANSION,3,6320.0,1650.0
BOTANIC GARDENS VIEW,3,5530.0,1410.0
BOTANIC LODGE,3,12000.0,2150.0
BOTANIQUE AT BARTLEY,1,3160.0,470.0
BOTANIQUE AT BARTLEY,2,4060.0,690.0
BOTANIQUE AT BARTLEY,3,4983.333333333333,1066.6666666666667
BOTANNIA,2,4775.0,900.0
BOTANNIA,3,6062.5,1275.0
BOTANNIA,4,6846.0,1770.0
BOULEVARD 88,2,11000.0,1350.0
BOULEVARD 88,4,28000.0,2750.0
BOULEVARD VUE,4,27000.0,>3000
BUCKLEY 18,3,7800.0,1550.0
BUCKLEY CLASSIQUE,2,6300.0,1050.0
BULLION PARK,2,3050.0,850.0
BULLION PARK,3,3200.0,1250.0
BURLINGTON SQUARE,1,4200.0,650.0
BURLINGTON SQUARE,2,4433.333333333333,883.3333333333334
BURLINGTON SQUARE,3,6500.0,1150.0
BURLINGTON SQUARE,4,10000.0,>3000
BUTTERWORTH 8,2,4700.0,1050.0
BUTTERWORTH 8,3,5200.0,1350.0
BUTTERWORTH VIEW,3,4850.0,1250.0
CAIRNHILL CREST,2,6600.0,1250.0
CAIRNHILL CREST,3,10800.0,1750.0
CAIRNHILL NINE,1,6248.0,710.0
CAIRNHILL NINE,2,8140.0,1050.0
CAIRNHILL NINE,4,13000.0,1550.0
CAIRNHILL PLAZA,2,8650.0,2250.0
CAIRNHILL PLAZA,3,9000.0,2850.0
CAIRNHILL RESIDENCES,2,6000.0,1116.6666666666667
CAIRNHILL RESIDENCES,3,7250.0,1175.0
CALARASI,3,3950.0,1200.0
CAMBIO SUITES,3,3500.0,850.0
CAMBRIDGE VILLAGE,1,2000.0,450.0
CAMELOT BY-THE-WATER,4,13333.333333333334,2650.0
CANBERRA RESIDENCES,1,2600.0,650.0
CANBERRA RESIDENCES,3,4466.666666666667,1150.0
CANNE VILLE,3,4500.0,1550.0
CAPE ROYALE,3,11525.0,1975.0
CAPE ROYALE,4,21333.333333333332,2850.0
CARABELLE,2,4533.333333333333,883.3333333333334
CARABELLE,3,5175.0,1275.0
CARDIFF RESIDENCE,1,2762.5,400.0
CARDIFF RESIDENCE,2,3500.0,1250.0
CARIBBEAN AT KEPPEL BAY,2,5570.0,930.0
CARIBBEAN AT KEPPEL BAY,3,7975.0,1418.75
CARIBBEAN AT KEPPEL BAY,4,13000.0,2216.6666666666665
CARISSA PARK CONDOMINIUM,2,3950.0,1200.0
CARISSA PARK CONDOMINIUM,3,3850.0,1250.0
CARISSA PARK CONDOMINIUM,4,4500.0,1450.0
CASA AERATA,1,2600.0,400.0
CASA AERATA,2,3287.5,575.0
CASA CAIRNHILL,3,6293.5,1550.0
CASA CAMBIO,1,2950.0,475.0
CASA CAMBIO,2,3775.0,700.0
CASA EMERALD,3,4500.0,1150.0
CASA ESPERANZA,2,5000.0,1150.0
CASA FORTUNA,1,3150.0,550.0
CASA MERAH,2,4250.0,950.0
CASA MERAH,3,5425.0,1300.0
CASA MERAH,4,6500.0,1550.0
CASA MEYA,2,3800.0,850.0
CASA PASIR RIS,3,3500.0,1150.0
CASA ROSA,3,3800.0,1150.0
CASA SARINA,3,4000.0,1350.0
CASABELLA,4,9100.0,1900.0
CASABLANCA,2,3800.0,950.0
CASABLANCA,3,4133.333333333333,1150.0
CASHEW HEIGHTS CONDOMINIUM,3,4611.111111111111,1516.6666666666667
CASHEW PARK CONDOMINIUM,3,4250.0,1250.0
CASPIAN,2,4600.0,983.3333333333334
CASPIAN,3,5437.5,1287.5
CASPIAN,4,6250.0,1600.0
CASSIA VIEW,3,5400.0,1250.0
CASTLE GREEN,2,3850.0,1016.6666666666666
CASTLE GREEN,3,4450.0,1200.0
CASUARINA COVE,2,5200.0,1450.0
CAVAN SUITES,1,3000.0,350.0
CAVENAGH FORTUNA,1,3400.0,600.0
CAVENAGH FORTUNA,3,5200.0,1450.0
CAVENAGH GARDENS,3,4716.666666666667,1283.3333333333333
CAVENAGH LODGE,3,5400.0,1650.0
CAVENDISH PARK,2,3833.3333333333335,950.0
CAVENDISH PARK,3,5000.0,1300.0
CELESTIA,2,4700.0,1750.0
CENTENNIA SUITES,2,6825.0,1250.0
CENTENNIA SUITES,3,10062.5,1825.0
CENTENNIA SUITES,4,12400.0,2250.0
CENTRA HEIGHTS,1,2900.0,450.0
CENTRA RESIDENCE,1,2900.0,433.3333333333333
CENTRA SUITES,1,2975.0,450.0
CENTRAL GREEN CONDOMINIUM,2,4280.0,870.0
CENTRAL GREEN CONDOMINIUM,3,5860.0,1250.0
CENTRAL GREEN CONDOMINIUM,4,7550.0,1800.0
CENTRAL GROVE,2,5000.0,1050.0
CENTRAL GROVE,3,4950.0,1250.0
CENTRAL IMPERIAL,2,3650.0,600.0
CENTRAL IMPERIAL,3,3500.0,750.0
CENTRO MANSIONS,3,4300.0,1350.0
CENTRO RESIDENCES,2,4400.0,850.0
CENTRO RESIDENCES,3,5059.333333333333,1150.0
CENTURY MANSIONS,3,3100.0,1000.0
CEYLON RESIDENCE,3,4800.0,1150.0
CHANGI COURT,2,3700.0,900.0
CHANGI COURT,3,4125.0,1125.0
CHANGI GREEN,2,3466.6666666666665,950.0
CHANGI GREEN,3,3825.0,1275.0
CHANGI RISE CONDOMINIUM,4,4600.0,1450.0
CHANTILLY RISE,3,4000.0,1450.0
CHARLESTON,3,6000.0,1250.0
CHATEAU LE FAME,2,4398.0,850.0
CHELSEA GARDENS,4,9500.0,1950.0
CHERRYHILL,2,3325.0,950.0
CHESTERVALE,3,3700.0,1450.0
CHESTNUT VILLE,3,5550.0,1500.0
CHILTERN PARK,2,3700.0,950.0
CHILTERN PARK,3,5140.0,1430.0
CHNG MANSIONS,3,4500.0,1750.0
CHOON KIM HOUSE,3,3000.0,1050.0
CHOON MOEY MANSIONS,3,2300.0,1250.0
CHUAN PARK,2,3492.8571428571427,1078.5714285714287
CITIGATE RESIDENCE,2,3300.0,650.0
CITY EDGE,2,5000.0,850.0
CITY GATE,1,3625.0,450.0
CITY GATE,2,4087.5,700.0
CITY GATE,3,4300.0,950.0
CITY PLAZA,2,3850.0,950.0
CITY SQUARE RESIDENCES,1,3750.0,550.0
CITY SQUARE RESIDENCES,2,4875.0,850.0
CITY SQUARE RESIDENCES,3,5918.75,1293.75
CITY SQUARE RESIDENCES,4,6000.0,1450.0
CITY STUDIOS,1,2850.0,450.0
CITYLIFE@TAMPINES,2,4100.0,750.0
CITYLIFE@TAMPINES,3,3900.0,1150.0
CITYLIFE@TAMPINES,4,7200.0,1850.0
CITYLIGHTS,1,4015.0,610.0
CITYLIGHTS,2,5012.5,925.0
CITYLIGHTS,3,5600.0,1350.0
CITYSCAPE @FARRER PARK,2,4438.9,1020.0
CITYSCAPE @FARRER PARK,3,5650.0,1350.0
CITYVISTA RESIDENCES,4,13500.0,2850.0
CLEMENTI PARK,2,3700.0,1275.0
CLEMENTI PARK,3,5700.0,1733.3333333333333
CLEMENTIWOODS CONDOMINIUM,1,3050.0,650.0
CLEMENTIWOODS CONDOMINIUM,2,5766.666666666667,1050.0
CLEMENTIWOODS CONDOMINIUM,3,5800.0,1350.0
CLEMENTIWOODS CONDOMINIUM,4,9175.0,2250.0
CLIVEDEN AT GRANGE,3,12100.0,2150.0
CLIVEDEN AT GRANGE,4,16800.0,2850.0
CLOVER BY THE PARK,3,5983.25,1325.0
CLOVER BY THE PARK,4,7800.0,1750.0
CLYDES RESIDENCE,2,4350.0,1050.0
COASTAL BREEZE RESIDENCES,3,3800.0,1150.0
COASTARINA,3,4625.0,850.0
COCO PALMS,1,3280.0,450.0
COCO PALMS,2,3859.090909090909,777.2727272727273
COCO PALMS,3,4430.0,990.0
COCO PALMS,4,6450.0,1250.0
COMMONWEALTH TOWERS,1,3703.3333333333335,450.0
COMMONWEALTH TOWERS,2,5150.0,712.5
COMMONWEALTH TOWERS,3,6450.0,1000.0
COMPASS HEIGHTS,1,3200.0,650.0
COMPASS HEIGHTS,2,3900.0,1166.6666666666667
COMPASS HEIGHTS,3,4400.0,1316.6666666666667
COMPASS HEIGHTS,4,6000.0,1550.0
CONCOURSE SKYLINE,1,5810.0,950.0
CONCOURSE SKYLINE,2,8200.0,1450.0
CORALIS,2,4400.0,850.0
CORALS AT KEPPEL BAY,1,4400.0,550.0
CORALS AT KEPPEL BAY,2,5700.0,850.0
CORALS AT KEPPEL BAY,3,8466.666666666666,1383.3333333333333
CORONATION GROVE,2,7000.0,1950.0
COSMO,1,2700.0,350.0
COSTA DEL SOL,2,3800.0,950.0
COSTA DEL SOL,3,5984.615384615385,1326.923076923077
COSTA DEL SOL,4,6975.0,1475.0
COSTA RHU,2,5466.666666666667,1283.3333333333333
COSTA RHU,3,8700.0,1943.75
COSTA RHU,4,10675.0,2150.0
COSY LODGE,3,5300.0,1250.0
COTE D'AZUR,1,4033.3333333333335,883.3333333333334
COTE D'AZUR,2,5083.333333333333,1216.6666666666667
COTE D'AZUR,3,6150.0,1350.0
COUNTRY GRANDEUR,3,5350.0,1450.0
COUNTRY PARK CONDOMINIUM,2,4133.333333333333,1083.3333333333333
COUNTRY PARK CONDOMINIUM,3,5000.0,1550.0
CRADELS,1,3137.5,475.0
CRAIG PLACE,1,3700.0,550.0
CRAIG PLACE,2,4600.0,800.0
CRESCENDO PARK,3,4700.0,1450.0
CRYSTAL LODGE,3,3300.0,1150.0
CRYSTAL RHU,3,4800.0,1250.0
CUBE 8,1,3300.0,550.0
CUBE 8,2,4216.666666666667,916.6666666666666
CUBE 8,3,7200.0,1450.0
CUSCADEN RESIDENCES,2,8300.0,1450.0
CYAN,1,3866.6666666666665,650.0
CYAN,2,6160.0,1050.0
CYAN,3,8175.0,1475.0
CYAN,4,11000.0,2050.0
D' CASITA,2,3900.0,850.0
D' CASITA,3,4200.0,1150.0
D' IXORAS,2,4200.0,850.0
D'CAMBRIDGE,2,3125.0,750.0
D'ECOSIA,1,3500.0,550.0
D'GALLERY,1,3300.0,650.0
D'GALLERY,3,3900.0,1050.0
D'HIRO@HILLSIDE,3,3800.0,1150.0
D'LEEDON,1,4054.5454545454545,650.0
D'LEEDON,2,5077.777777777777,838.8888888888889
D'LEEDON,3,7578.571428571428,1402.3809523809523
D'LEEDON,4,12909.09090909091,2231.818181818182
D'LOTUS,2,3500.0,850.0
D'MIRA,3,4933.333333333333,1250.0
D'MIRA,4,5700.0,1550.0
D'NEST,1,3040.0,470.0
D'NEST,2,3680.0,750.0
D'NEST,3,4025.0,950.0
D'NEST,4,5166.666666666667,1316.6666666666667
D'PAVILION,2,4000.0,950.0
D'PAVILION,4,6000.0,1650.0
D'WEAVE,2,2966.6666666666665,550.0
D'WEAVE,3,4266.666666666667,1050.0
D'ZIRE,2,2800.0,750.0
DAHLIA PARK CONDOMINIUM,2,3350.0,1050.0
DAHLIA PARK CONDOMINIUM,3,3900.0,1250.0
DAINTREE RESIDENCE,2,4300.0,700.0
DAINTREE RESIDENCE,3,5600.0,1050.0
DAKOTA RESIDENCES,2,5575.0,1050.0
DAKOTA RESIDENCES,3,6950.0,1366.6666666666667
DAKOTA RESIDENCES,4,9800.0,1850.0
DAWN VILLE,3,3800.0,1200.0
DE CASALLE,3,4100.0,1150.0
DE LENTE,3,5500.0,950.0
DE PARADISO,2,4600.0,1150.0
DE ROYALE,3,4033.3333333333335,1250.0
DEVONSHIRE 12,1,3600.0,450.0
DEVONSHIRE BUILDING,1,3500.0,1150.0
DEVONSHIRE RESIDENCES,1,4377.714285714285,507.14285714285717
DLV.,2,5900.0,1450.0
DOMAIN 21,2,5200.0,900.0
DOMAIN 21,4,10700.0,1850.0
DOMUS,1,3350.0,450.0
DOMUS,2,4600.0,1050.0
DORMER PARK,4,9500.0,2450.0
DORSETT RESIDENCES,1,3933.3333333333335,450.0
DORSETT RESIDENCES,2,5800.0,1050.0
DOUBLE BAY RESIDENCES,2,3950.0,950.0
DOUBLE BAY RESIDENCES,3,5110.0,1307.142857142857
DOVER PARKVIEW,2,4277.777777777777,972.2222222222222
DOVER PARKVIEW,3,5010.0,1330.0
DRAYCOTT EIGHT,4,20750.0,2850.0
DUCHESS CREST,3,6500.0,1350.0
DUCHESS CREST,4,9100.0,1800.0
DUCHESS MANOR,3,5350.0,1050.0
DUNMAN PLACE,3,5000.0,1250.0
DUO RESIDENCES,1,5283.333333333333,633.3333333333334
DUO RESIDENCES,2,7107.142857142857,964.2857142857143
DUO RESIDENCES,3,11000.0,1600.0
E MAISON,2,4300.0,950.0
E MAISON,3,4200.0,1250.0
E-SPACE,2,1800.0,850.0
EAST COAST RESIDENCES,3,4475.0,1050.0
EAST GROVE,3,3800.0,950.0
EAST MEADOWS,3,4500.0,1225.0
EAST VIEW,3,4875.0,1200.0
EAST VIEW 18,3,4200.0,1150.0
EAST VILLAGE,2,3400.0,750.0
EASTERN LAGOON,1,2800.0,683.3333333333334
EASTERN LAGOON,2,3884.0,907.1428571428571
EASTERN RESIDENCE,3,3500.0,1050.0
EASTPOINT GREEN,2,3520.0,1030.0
EASTPOINT GREEN,3,4237.5,1150.0
EASTVALE,3,4000.0,1100.0
EASTWOOD GREEN,2,4000.0,1050.0
EASTWOOD REGENCY,1,2400.0,550.0
ECHELON,1,4000.0,450.0
ECHELON,2,5150.625,750.0
ECHELON,3,7450.0,1116.6666666666667
ECO,1,3253.3333333333335,603.3333333333334
ECO,2,4260.0,850.0
ECO,3,5625.0,1250.0
ECO SANCTUARY,1,2600.0,550.0
ECO SANCTUARY,2,3533.3333333333335,650.0
ECO SANCTUARY,3,5050.0,1016.6666666666666
EDELWEISS PARK CONDOMINIUM,2,3600.0,975.0
EDELWEISS PARK CONDOMINIUM,3,4300.0,1250.0
EDEN CREST,3,3400.0,950.0
EDEN VIEW,1,2800.0,650.0
EDEN VIEW,3,4150.0,1050.0
EDENZ LOFT,1,2650.0,450.0
EDENZ SUITES,1,2766.6666666666665,450.0
EIGHT COURTYARDS,2,3471.4285714285716,864.2857142857143
EIGHT COURTYARDS,3,3900.0,1064.2857142857142
EIGHT RIVERSUITES,1,3455.5555555555557,450.0
EIGHT RIVERSUITES,2,4027.777777777778,672.2222222222222
EIGHT RIVERSUITES,3,4933.333333333333,983.3333333333334
ELIZABETH HEIGHTS,4,8400.0,2516.6666666666665
ELIZABETH TOWER,3,6500.0,2050.0
ELLIOT AT THE EAST COAST,3,4800.0,1350.0
ELLIOT AT THE EAST COAST,4,5500.0,1750.0
EMERALD GARDEN,1,4300.0,750.0
EMERALD GARDEN,2,5016.666666666667,950.0
EMERALD GARDEN,3,5600.0,1250.0
EMERALD HILL CONSERVATION AREA,3,3000.0,1150.0
EMERALD PARK,2,4360.0,950.0
EMERALD PARK,3,5012.5,1150.0
EMILY RESIDENCE,1,3800.0,650.0
EMILY RESIDENCE,2,4800.0,950.0
EON SHENTON,2,4650.0,550.0
EON SHENTON,3,5500.0,750.0
ESCADA VIEW,3,3900.0,1250.0
ESPA,2,3000.0,950.0
ESPA,3,5000.0,1250.0
ESPADA,1,4000.0,500.0
ESPADA,2,4900.0,650.0
ESPARINA RESIDENCES,2,4200.0,850.0
ESPARINA RESIDENCES,3,4800.0,1050.0
ESTA RUBY,2,4433.333333333333,950.0
ESTELLA GARDENS,1,2720.0,710.0
ESTELLA GARDENS,2,3400.0,950.0
ESTELLA GARDENS,3,4200.0,1250.0
ESTILO,1,3000.0,550.0
EUHABITAT,1,3214.285714285714,607.1428571428571
EUHABITAT,2,4050.0,950.0
EUHABITAT,3,4616.666666666667,1183.3333333333333
EUHABITAT,4,8150.0,2587.5
EUNOS PARK,3,3300.0,1150.0
EUPHONY GARDENS,3,3800.0,1150.0
EURO-ASIA COURT,3,4600.0,1283.3333333333333
EURO-ASIA PARK,2,3366.6666666666665,816.6666666666666
EURO-ASIA PARK,3,3900.0,1450.0
EVANIA,2,4000.0,950.0
EVELYN MANSIONS,2,4275.0,850.0
EVERGREEN PARK,3,3900.0,1050.0
EVERITT EDGE,1,3000.0,450.0
EWE BOON REGENT,3,4200.0,1150.0
FABER CREST,2,4300.0,1050.0
FABER CREST,3,5150.0,1250.0
FABER GARDEN CONDOMINIUM,3,4000.0,1716.6666666666667
FAR HORIZON GARDENS,2,3650.0,1250.0
FAR HORIZON GARDENS,3,5600.0,1950.0
FERNWOOD TOWERS,3,3950.0,1275.0
FERRARIA PARK CONDOMINIUM,2,3568.75,975.0
FERRARIA PARK CONDOMINIUM,3,4325.0,1275.0
FERRELL RESIDENCES,3,9000.0,1850.0
FIFTEEN ROBIN,3,11000.0,1750.0
FIFTH AVENUE CONDOMINIUM,1,4700.0,1050.0
FIFTH AVENUE CONDOMINIUM,2,5100.0,1350.0
FIFTH AVENUE CONDOMINIUM,4,10150.0,2250.0
FIFTY-TWO STEVENS,1,4400.0,1050.0
FINLAND GARDENS,3,3800.0,1350.0
FLAME TREE PARK,3,5200.0,1750.0
FLAMINGO VALLEY,2,4100.0,750.0
FLAMINGO VALLEY,3,5650.0,1250.0
FLO RESIDENCE,2,3800.0,750.0
FLO RESIDENCE,3,4850.0,1230.0
FLORAVIEW,3,3800.0,1050.0
FLORIDIAN,2,4600.0,950.0
FLORIDIAN,3,9850.0,1650.0
FLORIDIAN,4,11750.0,2100.0
FONTAINE PARRY,3,5200.0,1550.0
FONTANA HEIGHTS,3,14800.0,>3000
FORESQUE RESIDENCES,1,3000.0,450.0
FORESQUE RESIDENCES,2,3416.6666666666665,716.6666666666666
FORESQUE RESIDENCES,3,5020.0,1190.0
FOREST HILLS CONDOMINIUM,3,4200.0,1150.0
FOREST WOODS,1,3100.0,550.0
FOREST WOODS,2,4000.0,725.0
FOREST WOODS,3,4900.0,950.0
FORESTVILLE,3,4260.0,1050.0
FORTE SUITES,1,3100.0,450.0
FORTE SUITES,2,3425.0,650.0
FORTUNE JADE,3,4500.0,1050.0
FORTUNE PARK,3,4000.0,1250.0
FOURTH AVENUE RESIDENCES,1,3816.6666666666665,500.0
FOURTH AVENUE RESIDENCES,3,7000.0,950.0
FRAGRANCE COURT,3,6500.0,1750.0
FREESIA WOODS,2,4500.0,1250.0
FREESIA WOODS,3,6500.0,1350.0
FULCRUM,1,3700.0,650.0
FULCRUM,2,4150.0,750.0
FUYUEN COURT,3,3200.0,1150.0
GAIA,3,3800.0,950.0
GALLOP COURT,3,9660.0,1850.0
GALLOP GABLES,2,5300.0,1150.0
GALLOP GABLES,4,15500.0,>3000
GALLOP GREEN,4,18400.0,>3000
GALLOP GREEN,5,22000.0,>3000
GAMBIR RIDGE,1,2625.0,550.0
GAMBIR RIDGE,3,3800.0,950.0
GARDENVILLE,3,8000.0,2850.0
GARDENVILLE,4,10700.0,2650.0
GARDENVISTA,3,5650.0,1150.0
GEM RESIDENCES,1,3633.3333333333335,450.0
GEM RESIDENCES,2,3700.0,550.0
GEM RESIDENCES,3,5600.0,1050.0
GEYLANG HERITAGE,3,4400.0,1250.0
GILSTEAD COURT,3,4000.0,1350.0
GILSTEAD MANSION,3,5000.0,1550.0
GILSTEAD TWO,2,4950.0,800.0
GLASGOW RESIDENCE,2,3200.0,650.0
GLENDALE PARK,2,3800.0,1050.0
GLENDALE PARK,3,5250.0,1400.0
GLENTREES,2,4800.0,1350.0
GLENTREES,4,7500.0,>3000
GLOBAL VILLE,3,4100.0,1150.0
GLOUCESTER MANSIONS,3,4650.0,1150.0
GOLD COAST CONDOMINIUM,3,5733.333333333333,1583.3333333333333
GOLD PALM MANSIONS,2,3500.0,900.0
GOLD PALM MANSIONS,3,4600.0,1150.0
GOLDEN HEIGHTS,3,4700.0,1550.0
GOLDENHILL PARK CONDOMINIUM,2,4300.0,950.0
GOLDENHILL PARK CONDOMINIUM,3,5607.142857142857,1421.4285714285713
GOLDENHILL PARK CONDOMINIUM,4,7400.0,1550.0
GOODWOOD GRAND,2,5400.0,750.0
GOODWOOD RESIDENCE,2,5350.0,1150.0
GOODWOOD RESIDENCE,4,19150.0,2587.5
GRACIOUS MANSIONS,3,5381.0,1750.0
GRAMERCY PARK,2,8647.0,1250.0
GRAMERCY PARK,3,14666.666666666666,2050.0
GRAND CHATEAU,3,3500.0,1150.0
GRAND DUCHESS AT ST PATRICK'S,3,6000.0,1450.0
GRAND DUCHESS AT ST PATRICK'S,4,9700.0,1950.0
GRAND REGALIA,3,7000.0,2350.0
GRAND REGENCY,2,3000.0,850.0
GRANDE VISTA,3,3500.0,1250.0
GRANDE VISTA,4,6150.0,2750.0
GRANDEUR 8,2,4100.0,1150.0
GRANDEUR 8,3,4520.0,1270.0
GRANDEUR PARK RESIDENCES,1,3325.0,450.0
GRANDEUR PARK RESIDENCES,2,3955.5555555555557,594.4444444444445
GRANDEUR PARK RESIDENCES,3,6100.0,900.0
GRANDLINK SQUARE,3,3000.0,1150.0
GRANDVIEW SUITES,1,3375.0,800.0
GRANGE 70,3,7966.666666666667,1950.0
GRANGE 80,4,7200.0,2350.0
GRANGE HEIGHTS,3,7000.0,1550.0
GRANGE HEIGHTS,4,8883.333333333334,2666.6666666666665
GRANGE INFINITE,3,14000.0,2350.0
GRANGE INFINITE,4,14000.0,2550.0
GRANGE RESIDENCES,4,18075.0,2550.0
GROSVENOR VIEW,3,4400.0,1250.0
GUILIN MANSIONS,3,3450.0,1050.0
GUILIN VIEW,2,3800.0,850.0
GUILIN VIEW,3,3500.0,1250.0
GUILLEMARD EDGE,1,2772.222222222222,461.1111111111111
GUILLEMARD EDGE,2,3616.6666666666665,683.3333333333334
GUILLEMARD SUITES,1,3050.0,500.0
H2O RESIDENCES,2,3275.0,775.0
H2O RESIDENCES,3,4000.0,1050.0
HAIG 162,1,2733.3333333333335,383.3333333333333
HAIG COURT,2,4233.333333333333,1050.0
HAIG COURT,3,5325.0,1450.0
HAIG COURT,4,5700.0,1550.0
HALLMARK RESIDENCES,3,7200.0,1450.0
HANA,4,35000.0,>3000
HARBOUR SUITES,1,3150.0,450.0
HARBOUR SUITES,2,3400.0,650.0
HARBOUR VIEW GARDENS,2,4116.666666666667,616.6666666666666
HARBOUR VIEW GARDENS,3,5900.0,900.0
HARBOUR VIEW TOWERS,1,3650.0,750.0
HARBOUR VIEW TOWERS,3,5450.0,1516.6666666666667
HARBOURLIGHTS,2,4200.0,850.0
HARBOURLIGHTS,3,4700.0,1150.0
HARMONY @ 1A,3,3700.0,1250.0
HARVEST MANSIONS,2,4600.0,1050.0
HAWAII TOWER,3,6600.0,2250.0
HAZEL PARK CONDOMINIUM,2,3200.0,950.0
HAZEL PARK CONDOMINIUM,3,4500.0,1350.0
HEDGES PARK CONDOMINIUM,1,2950.0,450.0
HEDGES PARK CONDOMINIUM,2,3600.0,950.0
HELIOS RESIDENCES,3,10100.0,1750.0
HERITAGE APARTMENTS,4,17333.333333333332,>3000
HERITAGE EAST,1,2200.0,350.0
HERITAGE EAST,2,3700.0,650.0
HERITAGE VIEW,2,4631.25,950.0
HERITAGE VIEW,3,6228.125,1206.25
HERITAGE VIEW,4,13200.0,2650.0
HIGH OAK CONDOMINIUM,3,4500.0,1250.0
HIGH PARK RESIDENCES,1,2900.0,450.0
HIGH PARK RESIDENCES,2,3242.8571428571427,592.8571428571429
HIGH PARK RESIDENCES,3,3950.0,850.0
HIGH PARK RESIDENCES,4,4550.0,1250.0
HIGH POINT,4,10500.0,2950.0
HIGH STREET CENTRE,1,4740.0,530.0
HIGHGATE,2,4500.0,1350.0
HIGHGATE,3,4125.0,1325.0
HIGHLINE RESIDENCES,1,4483.333333333333,550.0
HIGHLINE RESIDENCES,2,5625.714285714285,678.5714285714286
HIGHLINE RESIDENCES,3,7506.666666666667,1050.0
HIJAUAN,3,4900.0,1150.0
HILBRE28,3,3200.0,850.0
HILLBROOKS,2,3200.0,850.0
HILLBROOKS,3,4200.0,1250.0
HILLCREST ARCADIA,2,5200.0,1450.0
HILLCREST ARCADIA,3,7700.0,1950.0
HILLCREST ARCADIA,4,7633.333333333333,2116.6666666666665
HILLINGTON GREEN,2,4680.0,1450.0
HILLINGTON GREEN,3,5383.333333333333,1483.3333333333333
HILLION RESIDENCES,2,3633.3333333333335,750.0
HILLION RESIDENCES,3,4700.0,1150.0
HILLS APARTMENT,4,16750.0,>3000
HILLS TWOONE,2,3400.0,550.0
HILLSTA,1,2950.0,550.0
HILLSTA,2,3641.6666666666665,850.0
HILLSTA,3,4783.333333333333,1116.6666666666667
HILLTOPS,2,9200.0,1250.0
HILLTOPS,3,16433.333333333332,1716.6666666666667
HILLVIEW 128,3,4500.0,1050.0
HILLVIEW GREEN,2,3750.0,1000.0
HILLVIEW GREEN,3,4800.0,1450.0
HILLVIEW HEIGHTS,2,3666.6666666666665,950.0
HILLVIEW HEIGHTS,3,3950.0,1200.0
HILLVIEW HEIGHTS,4,5750.0,1650.0
HILLVIEW PARK,3,4866.666666666667,1316.6666666666667
HILLVIEW REGENCY,2,3866.6666666666665,950.0
HILLVIEW REGENCY,3,4800.0,1150.0
HILLVISTA,3,4333.333333333333,1216.6666666666667
HOA NAM BUILDING,2,1900.0,850.0
HOLLAND 100,1,4750.0,900.0
HOLLAND COURT,3,6200.0,1350.0
HOLLAND GEMS,4,8750.0,2066.6666666666665
HOLLAND MEWS,4,7690.0,2100.0
HOLLAND PEAK,1,3000.0,550.0
HOLLAND RESIDENCES,3,8700.0,1450.0
HOLLYWOOD APARTMENTS,3,3500.0,950.0
HOMEY GARDENS,3,4000.0,1050.0
HORIZON RESIDENCES,2,5650.0,1050.0
HORIZON RESIDENCES,3,6800.0,1350.0
HORIZON TOWERS,4,9281.333333333334,2433.3333333333335
HOUGANG GREEN,3,4200.0,1150.0
HUA XIN COURT,3,6500.0,1950.0
HULLET RISE,3,6100.0,1250.0
HUME PARK I,3,4220.0,1190.0
HUME PARK II,2,3600.0,1050.0
HUME PARK II,3,4075.0,1275.0
HUNDRED TREES,1,2800.0,450.0
HUNDRED TREES,2,4500.0,850.0
HUNDRED TREES,3,6033.333333333333,1216.6666666666667
HUNDRED TREES,4,6900.0,1450.0
ICON,1,4552.85,620.0
ICON,2,6574.75,1062.5
ICON @ PASIR PANJANG,2,3500.0,450.0
IDYLLIC SUITES,1,2733.3333333333335,450.0
IDYLLIC SUITES,2,3400.0,550.0
ILLUMINAIRE ON DEVONSHIRE,2,4500.0,750.0
IMPERIAL HEIGHTS,1,3000.0,450.0
IMPERIAL HEIGHTS,2,4400.0,550.0
INTERO,3,4900.0,1050.0
INZ RESIDENCE,3,4000.0,1150.0
ISLAND VIEW,3,9900.0,>3000
ISUITES @ PALM,3,3650.0,1150.0
ISUITES @ TANI,1,2800.0,450.0
J C DRAYCOTT,2,4100.0,750.0
J GATEWAY,1,3805.0,510.0
J GATEWAY,2,4708.333333333333,677.7777777777778
J GATEWAY,3,5784.615384615385,911.5384615384615
J GATEWAY,4,7000.0,1250.0
JADE RESIDENCES,2,3560.0,583.3333333333334
JADE RESIDENCES,3,4050.0,800.0
JADE RESIDENCES,4,5800.0,1150.0
JADESCAPE,1,3704.5454545454545,550.0
JADESCAPE,2,4590.0,730.0
JADESCAPE,3,6400.0,1050.0
JALAN BESAR PLAZA,2,4000.0,950.0
JANSEN 28,3,4500.0,1650.0
JARDIN,2,5033.333333333333,1116.6666666666667
JARDIN,3,7500.0,1500.0
JERSEY LODGE,3,4420.0,1150.0
JERVOIS LODGE,3,5633.333333333333,1216.6666666666667
JERVOIS LODGE,4,7500.0,1550.0
JEWEL @ BUANGKOK,1,3000.0,450.0
JEWEL @ BUANGKOK,2,3550.0,733.3333333333334
JEWEL @ BUANGKOK,3,4433.333333333333,1016.6666666666666
JOOL SUITES,1,1850.0,650.0
JUBILEE RESIDENCE,1,2800.0,450.0
JUI RESIDENCES,1,3400.0,450.0
JUI RESIDENCES,2,4000.0,650.0
JUI RESIDENCES,3,5350.0,1000.0
JUNIPER HILL,3,7000.0,950.0
JUPITER 18,1,2825.0,600.0
JUPITER 18,2,3500.0,650.0
KALLANG RIVERSIDE,1,4400.0,750.0
KALLANG RIVERSIDE,2,6050.0,1025.0
KALLANG RIVERSIDE,3,7000.0,1150.0
KANDIS RESIDENCE,1,2788.0,450.0
KANDIS RESIDENCE,2,3300.0,750.0
KAP RESIDENCES,1,3300.0,550.0
KAP RESIDENCES,2,4016.6666666666665,816.6666666666666
KASTURINA LODGE,2,4800.0,750.0
KATONG REGENCY,1,3672.5,600.0
KATONG REGENCY,2,5275.0,1025.0
KATONG REGENCY,3,7266.666666666667,1550.0
KELIVILLE,3,4500.0,1650.0
KELIVILLE,4,6300.0,>3000
KENSINGTON PARK CONDOMINIUM,3,4521.428571428572,1678.5714285714287
KENSINGTON SQUARE,1,2800.0,450.0
KENSINGTON SQUARE,2,3600.0,950.0
KENT RIDGE HILL RESIDENCES,1,3522.0588235294117,491.1764705882353
KENT RIDGE HILL RESIDENCES,2,4606.451612903225,724.1935483870968
KENT RIDGE HILL RESIDENCES,3,6225.0,975.0
KENT RIDGE HILL RESIDENCES,5,9000.0,1750.0
KENTISH LODGE,2,4200.0,950.0
KENTVIEW PARK,3,4350.0,1250.0
KERRISDALE,2,4700.0,950.0
KERRISDALE,3,5443.75,1250.0
KERRISDALE,4,5850.0,1450.0
KIM KEAT GARDENS,3,4900.0,1350.0
KIM SIA COURT,2,3600.0,1050.0
KIM SIA COURT,3,5266.666666666667,1450.0
KING'S ARCADE,2,3800.0,1250.0
KING'S MANSION,3,4500.0,1650.0
KING'S MANSION,4,7800.0,2750.0
KINGSFORD . HILLVIEW PEAK,1,3068.75,550.0
KINGSFORD . HILLVIEW PEAK,2,3916.6666666666665,816.6666666666666
KINGSFORD . HILLVIEW PEAK,3,5800.0,1350.0
KINGSFORD WATERBAY,1,2683.3333333333335,450.0
KINGSFORD WATERBAY,2,3362.5,650.0
KINGSFORD WATERBAY,3,3890.0,870.0
KINGSGROVE,3,3300.0,1650.0
KINGSLEY MANSIONS,2,3800.0,1150.0
KINGSLEY MANSIONS,3,3700.0,1350.0
KISMIS COURT,3,3500.0,1950.0
KOVAN CREST,3,3800.0,1350.0
KOVAN GRANDEUR,2,3166.6666666666665,816.6666666666666
KOVAN MELODY,2,4200.0,1016.6666666666666
KOVAN MELODY,3,5207.692307692308,1296.1538461538462
KOVAN MELODY,4,7300.0,1450.0
KOVAN PRIMERA,3,4400.0,1650.0
KOVAN REGENCY,1,3050.0,575.0
KOVAN REGENCY,2,4000.0,650.0
KOVAN REGENCY,3,5250.0,1066.6666666666667
KOVAN REGENCY,4,6300.0,1250.0
KOVAN RESIDENCES,2,4250.0,850.0
KOVAN RESIDENCES,3,5650.0,1375.0
KOVAN RESIDENCES,4,6300.0,1450.0
L'VIV,1,3300.0,650.0
LA BRISA,1,2925.0,450.0
LA BRISA,2,3525.0,625.0
LA CASA,3,4033.3333333333335,1150.0
LA CRYSTAL,2,4500.0,950.0
LA FIESTA,1,2750.0,450.0
LA FIESTA,2,3707.1428571428573,750.0
LA FIESTA,3,4050.0,850.0
LA FIESTA,4,5500.0,1200.0
LA FLEUR,1,2800.0,450.0
LA SUISSE,3,7783.333333333333,2250.0
LA VIDA @ 130,1,2750.0,450.0
LAGUNA 88,3,3900.0,1216.6666666666667
LAGUNA GREEN,2,6500.0,2050.0
LAKE GRANDE,1,3327.2727272727275,486.3636363636364
LAKE GRANDE,2,4569.565217391304,741.304347826087
LAKE GRANDE,3,5300.0,950.0
LAKE GRANDE,4,6900.0,1183.3333333333333
LAKE LIFE,3,4900.0,1100.0
LAKE LIFE,4,6233.333333333333,1233.3333333333333
LAKEHOLMZ,2,3950.0,1175.0
LAKEHOLMZ,4,6600.0,1550.0
LAKEVILLE,1,3500.0,550.0
LAKEVILLE,2,4158.823529411765,720.5882352941177
LAKEVILLE,3,6045.833333333333,1091.6666666666667
LAKEVILLE,4,7950.0,1300.0
LAKEVILLE,5,7800.0,1550.0
LANDBAY CONDOMINIUM,2,3750.0,1050.0
LANDBAY CONDOMINIUM,3,4600.0,1250.0
LANDRIDGE CONDOMINIUM,3,5200.0,1750.0
LATITUDE,2,8475.0,1400.0
LATITUDE,3,10000.0,1650.0
LATITUDE,4,17000.0,2750.0
LATTICE ONE,2,3566.6666666666665,583.3333333333334
LAUREL TREE,1,3066.6666666666665,450.0
LE CRESCENDO,2,3850.0,950.0
LE HILL CONDOMINIUM,2,4100.0,1000.0
LE HILL CONDOMINIUM,3,5000.0,1250.0
LE LOYANG,3,3800.0,1150.0
LE MERRITT,3,4500.0,950.0
LE QUEST,1,3150.0,450.0
LE QUEST,2,4000.0,675.0
LE QUEST,3,4800.0,900.0
LE REGAL,1,2500.0,350.0
LE REVE,2,4000.0,850.0
LE REVE,3,5500.0,1050.0
LE SHANTIER,3,5000.0,1650.0
LE SOMME,1,4000.0,1250.0
LE WILKIE,3,5866.666666666667,1150.0
LEEDON 2,2,4100.0,800.0
LEEDON RESIDENCE,2,6850.0,1050.0
LEEDON RESIDENCE,3,16200.0,2150.0
LEEDON RESIDENCE,4,17666.666666666668,2650.0
LEEDON RESIDENCE,5,28500.0,>3000
LEGENDA AT JOO CHIAT,2,5000.0,1050.0
LEGENDA AT JOO CHIAT,3,6500.0,1450.0
LEICESTER LODGE,3,4500.0,1350.0
LEIGHWOODS,3,7800.0,2250.0
LEITH GROVE,2,4000.0,1550.0
LEONIE CONDOTEL,4,11981.25,2706.25
LEONIE GARDENS,3,7800.0,1750.0
LEONIE GARDENS,4,9000.0,2550.0
LEONIE HILL RESIDENCES,3,8600.0,1450.0
LEONIE PARC VIEW,4,12500.0,2050.0
LEONIE SUITES,1,4000.0,650.0
LEONIE SUITES,2,5333.333333333333,950.0
LEONIE TOWERS,4,10960.0,2980.0
LEVENUE,1,3000.0,450.0
LEVENUE,2,3150.0,500.0
LEVILLE ISUITES,1,2600.0,350.0
LIBERTE,2,4600.0,750.0
LIIV RESIDENCES,2,4700.0,550.0
LILYDALE,3,3825.0,1183.3333333333333
LINCOLN SUITES,1,3800.0,550.0
LINCOLN SUITES,2,5400.0,1050.0
LINCOLN SUITES,3,7275.0,1350.0
LIV ON SOPHIA,2,3900.0,550.0
LIV ON WILKIE,2,3400.0,550.0
LIV ON WILKIE,3,4500.0,750.0
LIVIA,2,3475.0,900.0
LIVIA,3,4800.0,1283.3333333333333
LIVIA,4,5526.666666666667,1550.0
LLOYD MANSION,3,1300.0,1050.0
LLOYD SIXTYFIVE,2,10500.0,1450.0
LLOYD SIXTYFIVE,3,18500.0,1950.0
LOFT @ NATHAN,1,3024.1666666666665,416.6666666666667
LOFT @ NATHAN,2,4600.0,950.0
LOFT @ RANGOON,1,2975.0,450.0
LOFT @ STEVENS,1,3383.3333333333335,416.6666666666667
LOFT @ STEVENS,2,4400.0,650.0
LOFT@HOLLAND,1,3731.8,370.0
LOTUS AT JOO CHIAT,3,7000.0,1350.0
LOTUS AT PAYA LEBAR (EAST WING),2,5216.666666666667,916.6666666666666
LOYANG VALLEY,2,4033.3333333333335,1483.3333333333333
LOYANG VALLEY,3,4292.857142857143,1907.142857142857
LUCIDA,2,5000.0,1050.0
LUCIDA,3,6000.0,1350.0
LUCKY PLAZA APARTMENTS,2,4666.666666666667,850.0
LUCKY PLAZA APARTMENTS,3,7133.333333333333,1583.3333333333333
LUMA,2,6200.0,1150.0
LUMIERE,1,4080.0,650.0
LUSH ACRES,4,1400.0,1250.0
LUXE VILLE,3,5800.0,1450.0
LUXURY APARTMENTS,4,9500.0,>3000
M66,1,2450.0,450.0
M66,2,3400.0,1100.0
MACKENZIE 138,1,3100.0,650.0
MACKENZIE 88,1,3000.0,450.0
MACKENZIE REGENCY,3,5500.0,1050.0
MADISON RESIDENCES,3,8300.0,1450.0
MALVERN SPRINGS,3,7500.0,1350.0
MANDALE HEIGHTS,4,5300.0,1350.0
MANDARIN GARDENS,1,3140.0,750.0
MANDARIN GARDENS,2,3250.0,850.0
MANDARIN GARDENS,3,6020.0,1850.0
MAPLE WOODS,2,4528.571428571428,921.4285714285714
MAPLE WOODS,3,6150.0,1521.4285714285713
MAPLE WOODS,4,12150.0,2950.0
MARGARET VILLE,1,3975.0,500.0
MARGARET VILLE,2,4800.0,650.0
MARINA BAY RESIDENCES,1,5700.0,750.0
MARINA BAY RESIDENCES,2,8340.0,1130.0
MARINA BAY RESIDENCES,3,12050.0,1725.0
MARINA BAY RESIDENCES,4,17750.0,2350.0
MARINA BAY RESIDENCES,5,42000.0,>3000
MARINA BAY SUITES,3,9950.0,1650.0
MARINA BAY SUITES,4,14816.666666666666,2250.0
MARINA COLLECTION,3,9000.0,1850.0
MARINA COLLECTION,4,11400.0,2150.0
MARINA ONE RESIDENCES,1,5461.347826086957,693.4782608695652
MARINA ONE RESIDENCES,2,7944.444444444444,1138.888888888889
MARINA ONE RESIDENCES,3,11742.857142857143,1550.0
MARINA ONE RESIDENCES,4,12500.0,2050.0
MARINE BLUE,1,4033.3333333333335,683.3333333333334
MARTIA RESIDENCE,2,4400.0,950.0
MARTIN MODERN,2,7375.0,800.0
MARTIN MODERN,3,9500.0,1050.0
MARTIN MODERN,4,20000.0,1750.0
MARTIN NO 38,2,8266.666666666666,1150.0
MARTIN PLACE RESIDENCES,1,4516.666666666667,550.0
MARTIN PLACE RESIDENCES,2,6600.0,1100.0
MARTIN PLACE RESIDENCES,3,10191.666666666666,1650.0
MARTIN PLACE RESIDENCES,4,13500.0,1850.0
MARYMOUNT VIEW,3,4550.0,1250.0
MAYFAIR MODERN,1,3620.0,570.0
MAYFAIR MODERN,2,5020.0,810.0
MAYFAIR MODERN,3,5800.0,950.0
MAYSPRINGS,2,3628.5714285714284,892.8571428571429
MAYSPRINGS,3,4387.5,1325.0
MEADOWS @ PEIRCE,1,3000.0,650.0
MEADOWS @ PEIRCE,2,3766.6666666666665,950.0
MEADOWS @ PEIRCE,3,4260.0,1570.0
MEADOWS @ PEIRCE,4,6433.333333333333,2300.0
MEADOWS @ PEIRCE,5,7300.0,2550.0
MEDGE,3,4200.0,850.0
MEIER SUITES,3,8360.0,>3000
MEIER SUITES,4,10000.0,2250.0
MELOSA,1,3200.0,450.0
MELOSA,2,2900.0,450.0
MELROSE PARK,3,7450.0,1500.0
MELROSE PARK,4,10000.0,1750.0
MELVILLE PARK,2,3608.823529411765,979.4117647058823
MELVILLE PARK,3,4210.0,1240.0
MENDON SPRING,2,5400.0,1050.0
MERA EAST,3,5200.0,1250.0
MERA SPRINGS,3,5500.0,1250.0
MERAPRIME,2,5300.0,850.0
MERAPRIME,3,6983.333333333333,1183.3333333333333
MERAPRIME,4,7150.0,1350.0
MERAWOODS,2,3300.0,1050.0
MERAWOODS,3,4866.666666666667,1350.0
MERGUI MANSIONS,3,3475.0,1400.0
MERIDIAN 38,3,2000.0,1150.0
METRO LOFT,1,2970.0,450.0
MEYER PARK,3,5700.0,1850.0
MEYER RESIDENCE,2,4725.0,1000.0
MEYERHOUSE,4,19000.0,2850.0
MIAPLACE,2,2900.0,850.0
MIDTOWN RESIDENCES,1,3100.0,450.0
MIDTOWN RESIDENCES,2,3600.0,650.0
MIDTOWN RESIDENCES,3,4000.0,650.0
MILL POINT,1,3500.0,550.0
MILL POINT,2,5650.0,1000.0
MILLAGE,1,2800.0,450.0
MILLAGE,2,3150.0,550.0
MIMOSA PARK,4,4600.0,1750.0
MIRAGE TOWER,1,3400.0,550.0
MIRAGE TOWER,2,4633.333333333333,950.0
MIRAGE TOWER,3,6166.666666666667,1266.6666666666667
MIRO,2,5600.0,1350.0
MIRO,3,7500.0,1950.0
MIRO,4,17000.0,>3000
MODA,2,6000.0,950.0
MODENA,2,3100.0,950.0
MON JERVOIS,2,5133.333333333333,850.0
MON JERVOIS,3,7200.0,1450.0
MONTEBLEU,1,3100.0,550.0
MONTEBLEU,2,4100.0,850.0
MONTEBLEU,3,6000.0,1250.0
MONTEREY PARK CONDOMINIUM,2,4300.0,1050.0
MONTEREY PARK CONDOMINIUM,3,5366.666666666667,1416.6666666666667
MONTEREY PARK CONDOMINIUM,4,6000.0,1650.0
MONTROSA,3,2800.0,1150.0
MONTVIEW,2,4600.0,1250.0
MONTVIEW,4,8300.0,1750.0
MOONSTONE RESIDENCES,3,4800.0,1250.0
MOONSTONE VIEW,3,4575.0,1100.0
MORIMASA GARDENS,3,7500.0,1850.0
MORIMASA GARDENS,4,8200.0,2650.0
MOUNT FABER LODGE,3,7550.0,2450.0
MOUNT SOPHIA SUITES,1,3500.0,550.0
MOUNT SOPHIA SUITES,2,3875.0,600.0
MOUNTBATTEN LODGE,1,2400.0,350.0
MOUNTBATTEN LODGE,2,3000.0,750.0
MURANO,2,4233.333333333333,850.0
MURANO,3,6000.0,1050.0
MUTIARA VIEW,3,4850.0,1150.0
MY MANHATTAN,1,3416.6666666666665,550.0
MY MANHATTAN,2,4000.0,850.0
MY MANHATTAN,4,5300.0,1950.0
NASSIM JADE,3,16000.0,>3000
NASSIM MANSION,4,19950.0,>3000
NASSIM PARK RESIDENCES,4,39500.0,>3000
NASSIM REGENCY,3,12475.0,2083.3333333333335
NASSIMVILLE,3,13800.0,2250.0
NATHAN PLACE,2,6000.0,1150.0
NATHAN RESIDENCES,1,3700.0,550.0
NATHAN RESIDENCES,2,4900.0,750.0
NATHAN SUITES,3,8500.0,1750.0
NATHAN SUITES,4,12800.0,2050.0
NATURA@HILLVIEW,1,2800.0,450.0
NATURA@HILLVIEW,2,3350.0,750.0
NATURA@HILLVIEW,3,4300.0,650.0
NAUNG RESIDENCE,2,2850.0,550.0
NEEM TREE,1,3000.0,483.3333333333333
NEEM TREE,2,4000.0,750.0
NESS,2,3200.0,850.0
NEW COURT,3,4950.0,1150.0
NEW FUTURA,4,23000.0,2250.0
NEWEST,1,2875.0,525.0
NEWEST,2,3787.5,700.0
NEWEST,4,5600.0,2550.0
NEWTON 18,2,5050.0,950.0
NEWTON 18,3,6000.0,1250.0
NEWTON 21,3,7075.0,1300.0
NEWTON EDGE,1,3100.0,450.0
NEWTON EDGE,2,4500.0,850.0
NEWTON GEMS,1,4000.0,650.0
NEWTON GEMS,2,5200.0,950.0
NEWTON GEMS,3,7100.0,1450.0
NEWTON GEMS,4,9200.0,1900.0
NEWTON ONE,2,6800.0,1250.0
NEWTON ONE,3,19700.0,2425.0
NEWTON SUITES,2,4880.0,750.0
NEWTON SUITES,3,7000.0,1250.0
NIM GARDENS,3,4300.0,1850.0
NIN RESIDENCE,1,2700.0,475.0
NIN RESIDENCE,2,4450.0,1350.0
NIN RESIDENCE,3,6000.0,1350.0
NINE RESIDENCES,1,2950.0,550.0
NINE RESIDENCES,2,3450.0,700.0
NINE RESIDENCES,3,4250.0,950.0
NINETEEN SHELFORD ROAD,1,3350.0,683.3333333333334
NINETEEN SHELFORD ROAD,2,4333.333333333333,933.3333333333334
NINETEEN SHELFORD ROAD,3,5000.0,1050.0
NIVEN LOFT,3,6000.0,2250.0
NIVEN SUITES,1,3500.0,550.0
NOMU,1,4000.0,450.0
NON-LANDED HOUSING DEVELOPMENT,1,3140.0,550.0
NON-LANDED HOUSING DEVELOPMENT,2,3725.315789473684,881.578947368421
NON-LANDED HOUSING DEVELOPMENT,3,4777.458333333333,1287.5
NON-LANDED HOUSING DEVELOPMENT,4,8675.0,2325.0
NORTH PARK RESIDENCES,1,3400.0,550.0
NORTH PARK RESIDENCES,2,4037.5,693.75
NORTH PARK RESIDENCES,3,5135.714285714285,950.0
NORTHOAKS,3,3920.0,1330.0
NORTHVALE,1,3000.0,650.0
NORTHVALE,2,3580.0,1050.0
NORTHVALE,3,4166.666666666667,1283.3333333333333
NOTTINGHILL SUITES,1,2625.0,350.0
NOTTINGHILL SUITES,2,2700.0,550.0
NOUVEL 18,3,13000.0,1750.0
NOUVELLE PARK,3,3450.0,1300.0
NOVA 48,3,5200.0,1050.0
NOVA 88,3,5500.0,1850.0
NOVELIS,2,4000.0,850.0
NOVENA LODGE,3,3750.0,950.0
NOVENA REGENCY,1,2950.0,450.0
NOVENA REGENCY,2,3533.3333333333335,583.3333333333334
NOVENA SUITES,1,4150.0,700.0
NOVENA SUITES,2,5500.0,950.0
NUOVO,3,4666.666666666667,1383.3333333333333
NV RESIDENCES,1,2500.0,450.0
NV RESIDENCES,2,3714.285714285714,807.1428571428571
NV RESIDENCES,3,4200.0,1150.0
NYON,3,7500.0,1250.0
OASIS @ ELIAS,2,3400.0,950.0
OASIS @ ELIAS,3,4750.0,1250.0
OASIS GARDEN,2,4400.0,950.0
OASIS GARDEN,3,4700.0,1250.0
OASIS GARDEN,4,5000.0,1450.0
OKIO,1,2900.0,450.0
OLEANAS RESIDENCE,3,6300.0,1225.0
OLEANAS RESIDENCE,4,7866.666666666667,1716.6666666666667
OLEANDER TOWERS,2,3850.0,850.0
OLEANDER TOWERS,3,4166.666666666667,1183.3333333333333
OLEANDER TOWERS,4,5800.0,2550.0
ONE AMBER,1,3775.0,550.0
ONE AMBER,2,5000.0,950.0
ONE AMBER,3,6450.0,1325.0
ONE AMBER,4,7787.5,1725.0
ONE BALMORAL,1,4600.0,550.0
ONE BALMORAL,2,5700.0,950.0
ONE BALMORAL,3,8400.0,1450.0
ONE CHATSWORTH,5,14500.0,>3000
ONE DEVONSHIRE,2,6500.0,950.0
ONE DEVONSHIRE,3,8350.0,1250.0
ONE DEVONSHIRE,4,13500.0,2350.0
ONE DUCHESS,2,3200.0,750.0
ONE DUSUN RESIDENCES,2,3330.0,550.0
ONE FORT,3,5000.0,1250.0
ONE JERVOIS,2,5340.0,970.0
ONE JERVOIS,3,8750.0,1600.0
ONE JERVOIS,4,12500.0,2950.0
ONE LEICESTER,2,3400.0,950.0
ONE LEICESTER,3,5433.333333333333,1250.0
ONE OXLEY RISE,1,4200.0,750.0
ONE OXLEY RISE,2,5300.0,1100.0
ONE OXLEY RISE,3,6100.0,1050.0
ONE SHENTON,1,4934.8,630.0
ONE SHENTON,2,6700.0,1100.0
ONE SHENTON,3,10000.0,1650.0
ONE ST MICHAEL'S,2,3400.0,950.0
ONE TREE HILL RESIDENCE,2,4800.0,1050.0
ONE-NORTH RESIDENCES,1,3850.0,800.0
ONE-NORTH RESIDENCES,2,5000.0,1016.6666666666666
ONEROBEY,2,2300.0,350.0
ONZE @ TANJONG PAGAR,1,3850.0,550.0
ONZE @ TANJONG PAGAR,3,4200.0,1150.0
OPTIMA @ TANAH MERAH,1,3100.0,450.0
OPTIMA @ TANAH MERAH,2,3992.8571428571427,935.7142857142857
ORCHARD SCOTTS,2,7000.0,950.0
ORCHARD SCOTTS,3,10000.0,2150.0
ORCHARD SCOTTS,4,13000.0,2450.0
ORCHID PARK CONDOMINIUM,2,3500.0,883.3333333333334
ORCHID PARK CONDOMINIUM,3,3900.0,1150.0
ORCHID PARK CONDOMINIUM,4,4800.0,1700.0
ORION,3,8600.0,1550.0
OUE TWIN PEAKS,1,4784.615384615385,550.0
OUE TWIN PEAKS,2,8300.0,1050.0
OUE TWIN PEAKS,3,11500.0,1350.0
OXLEY EDGE,2,3700.0,350.0
OXLEY EDGE,3,4500.0,1150.0
OXLEY MANSION,3,4293.333333333333,950.0
OXLEY RESIDENCE,4,15300.0,2550.0
PALAZZETTO,2,3450.0,850.0
PALM GARDENS,3,4283.333333333333,1483.3333333333333
PALM GARDENS,4,4600.0,1450.0
PALM GREEN,2,4200.0,1250.0
PALM GREEN,3,4600.0,1250.0
PALM GROVE CONDOMINIUM,3,5066.666666666667,1783.3333333333333
PALM HAVEN,2,4000.0,1050.0
PALM ISLES,1,2825.0,550.0
PALM ISLES,2,3700.0,850.0
PALM ISLES,3,4300.0,1050.0
PALM OASIS,2,4100.0,750.0
PALM SPRING,3,7975.0,1725.0
PALM VISTA,3,4000.0,1050.0
PALMERA EAST,1,2500.0,450.0
PALMERA EAST,2,2600.0,650.0
PANDAN VALLEY,2,4800.0,1650.0
PANDAN VALLEY,3,5800.0,1950.0
PANDAN VALLEY,4,7300.0,2250.0
PARADISE PALMS,3,4500.0,1150.0
PARC BOTANNIA,1,3083.3333333333335,516.6666666666666
PARC BOTANNIA,2,3575.0,625.0
PARC BOTANNIA,3,4200.0,850.0
PARC CENTROS,1,2966.6666666666665,450.0
PARC CENTROS,2,3750.0,750.0
PARC CENTROS,3,4335.714285714285,1135.7142857142858
PARC ELEGANCE,1,3000.0,450.0
PARC ELEGANCE,3,4200.0,950.0
PARC EMILY,1,3508.3333333333335,583.3333333333334
PARC EMILY,2,5200.0,1025.0
PARC EMILY,3,7175.0,1300.0
PARC ESTA,1,3625.0,450.0
PARC ESTA,2,5199.0,690.0
PARC ESTA,3,6500.0,1050.0
PARC HAVEN,2,3750.0,1050.0
PARC HAVEN,3,4850.0,1250.0
PARC LIFE,3,5000.0,1050.0
PARC MACKENZIE,3,5000.0,1350.0
PARC MONDRIAN,2,4300.0,950.0
PARC MONDRIAN,3,5800.0,1316.6666666666667
PARC OASIS,2,3960.0,1050.0
PARC OASIS,3,4964.285714285715,1292.857142857143
PARC OASIS,4,4750.0,1550.0
PARC OLYMPIA,1,2733.3333333333335,516.6666666666666
PARC OLYMPIA,3,4700.0,1083.3333333333333
PARC OLYMPIA,4,4900.0,1650.0
PARC PALAIS,2,3500.0,950.0
PARC PALAIS,3,4640.0,1310.0
PARC PALAIS,4,5500.0,1550.0
PARC RIVIERA,1,3400.0,450.0
PARC RIVIERA,2,4252.580645161291,691.9354838709677
PARC RIVIERA,3,5600.0,1000.0
PARC RIVIERA,4,6560.0,1150.0
PARC ROSEWOOD,1,2630.0,459.09090909090907
PARC ROSEWOOD,2,3262.5,625.0
PARC ROSEWOOD,3,3600.0,1750.0
PARC SEABREEZE,3,6500.0,1250.0
PARC SOMME,1,2550.0,450.0
PARC SOPHIA,1,3662.5,600.0
PARC STEVENS,3,7750.0,1800.0
PARC VERA,2,3400.0,800.0
PARC VERA,3,4400.0,1150.0
PARC VISTA,2,3809.090909090909,1068.1818181818182
PARC VISTA,3,3866.6666666666665,1250.0
PARK COLONIAL,1,3525.0,462.5
PARK COLONIAL,2,4605.263157894737,676.3157894736842
PARK COLONIAL,3,7177.777777777777,972.2222222222222
PARK COLONIAL,5,12600.0,1750.0
PARK EAST,3,5500.0,1610.0
PARK GREEN,3,4325.0,1350.0
PARK INFINIA AT WEE NAM,2,6500.0,1050.0
PARK INFINIA AT WEE NAM,3,8200.0,1410.0
PARK INFINIA AT WEE NAM,4,9500.0,2050.0
PARK NATURA,3,5266.666666666667,1750.0
PARK PLACE RESIDENCES AT PLQ,1,3875.0,450.0
PARK PLACE RESIDENCES AT PLQ,2,4930.0,680.0
PARK PLACE RESIDENCES AT PLQ,3,6700.0,1150.0
PARK RESIDENCES KOVAN,1,3000.0,500.0
PARKSHORE,3,6600.0,1650.0
PARKVIEW APARTMENTS,2,3600.0,950.0
PARKVIEW APARTMENTS,3,3887.5,1125.0
PARKVIEW ECLAT,3,18375.0,2850.0
PARVIS,2,6766.666666666667,1183.3333333333333
PARVIS,3,9740.0,1750.0
PARVIS,4,13400.0,2050.0
PASIR VIEW PARK,3,5600.0,1350.0
PASTORAL VIEW,1,3550.0,650.0
PATENT PLACE,2,4967.5,1250.0
PATENT PLACE,3,7050.0,1850.0
PATERSON RESIDENCE,2,5300.0,950.0
PATERSON RESIDENCE,3,7750.0,1350.0
PATERSON RESIDENCE,4,9250.0,1550.0
PAVILION 11,3,6766.666666666667,1450.0
PAYA LEBAR RESIDENCES,3,4200.0,1250.0
PEACH GARDEN,4,7062.5,2750.0
PEBBLE BAY,1,3966.6666666666665,950.0
PEBBLE BAY,2,6150.0,1350.0
PEBBLE BAY,3,8764.285714285714,2064.285714285714
PEBBLE BAY,4,14750.0,2825.0
PEIRCE VIEW,1,3100.0,750.0
PEOPLE'S PARK COMPLEX,1,2380.0,450.0
PEOPLE'S PARK COMPLEX,3,5520.0,1150.0
PERMAI RESIDENCES,3,6250.0,1400.0
PETIT JERVOIS,1,5716.666666666667,650.0
PETIT JERVOIS,2,7002.4,950.0
PINETREE CONDOMINIUM,3,4100.0,1250.0
PINEVALE,3,4850.0,1400.0
PINNACLE 16,1,3450.0,550.0
PINNACLE 16,3,5800.0,1350.0
PLATINUM EDGE,2,3700.0,750.0
POINT LOMA,4,7300.0,2450.0
POLLEN & BLEU,1,4050.0,650.0
POLLEN & BLEU,4,8000.0,1450.0
POSHGROVE EAST,4,8800.0,2250.0
PRESTIGE HEIGHTS,1,2983.3333333333335,450.0
PRESTIGE HEIGHTS,2,3800.0,550.0
PRESTIGE HEIGHTS,3,4300.0,850.0
PRESTIGE POINT,2,2600.0,750.0
PRESTIGE RESIDENCE,3,4000.0,950.0
PRESTO@UPPER SERANGOON,1,2600.0,450.0
PRESTO@UPPER SERANGOON,2,3325.0,850.0
PRIME RESIDENCE,1,2800.0,416.6666666666667
PRIMEDGE,1,3200.0,450.0
PRIMEDGE,2,3100.0,550.0
PRIMO RESIDENCES,1,2700.0,500.0
PRIMO RESIDENCES,2,4100.0,950.0
PRINCIPAL GARDEN,1,3858.3333333333335,450.0
PRINCIPAL GARDEN,2,5183.333333333333,783.3333333333334
PRINCIPAL GARDEN,3,7140.0,1130.0
PRINCIPAL GARDEN,4,10125.0,1550.0
PRIVE,2,3450.0,800.0
PRIVE,3,4500.0,1050.0
PROSPERO VILLE,3,4500.0,1050.0
Q BAY RESIDENCES,1,3000.0,650.0
Q BAY RESIDENCES,2,3475.0,825.0
Q BAY RESIDENCES,3,4550.0,1200.0
QUEENS,2,4896.666666666667,950.0
QUEENS,3,6038.461538461538,1188.4615384615386
QUEENS,4,7300.0,1450.0
QUEENS PEAK,1,3996.3636363636365,450.0
QUEENS PEAK,2,4960.0,690.0
QUEENS PEAK,3,6433.333333333333,1016.6666666666666
QUEENSWAY TOWER,1,3550.0,950.0
QUEENSWAY TOWER,2,4200.0,1450.0
QUESTA @ DUNMAN,1,3400.0,550.0
QUINTERRA,2,4800.0,1150.0
QUINTERRA,3,6000.0,1450.0
R MAISON,1,2700.0,550.0
R66 APARTMENTS,1,4200.0,550.0
R66 APARTMENTS,2,4600.0,1150.0
RACE COURSE 138,1,3000.0,450.0
RAFFLESIA CONDOMINIUM,3,5350.0,1250.0
RANGOON 88,1,3033.3333333333335,550.0
RANGOON 88,2,4000.0,1050.0
REFLECTIONS AT KEPPEL BAY,2,5912.5,1016.6666666666666
REFLECTIONS AT KEPPEL BAY,3,9126.666666666666,1723.3333333333333
REFLECTIONS AT KEPPEL BAY,4,17540.0,2780.0
REGAL 35,3,4850.0,1200.0
REGENCY PARK,3,13100.0,2812.5
REGENCY SUITES,2,5400.0,950.0
REGENCY SUITES,3,7500.0,1450.0
REGENT GROVE,3,4200.0,1150.0
REGENT GROVE,4,4350.0,1300.0
REGENT HEIGHTS,2,4150.0,1050.0
REGENT HEIGHTS,3,4500.0,1150.0
REGENT PARK,2,4037.5,900.0
REGENT PARK,3,4325.0,1200.0
REGENT RESIDENCES,1,3010.0,450.0
REGENT RESIDENCES,2,3900.0,800.0
REGENTVILLE,2,3733.3333333333335,950.0
REGENTVILLE,3,4100.0,1150.0
REIGNWOOD HAMILTON SCOTTS,3,17100.0,2750.0
RESIDENCE 66,2,4200.0,850.0
RESIDENCES @ EVELYN,2,6150.0,1100.0
RESIDENCES @ EVELYN,3,7200.0,1550.0
RESIDENCES @ EVELYN,4,9600.0,2250.0
RESIDENCES @ KILLINEY,3,9000.0,1550.0
RESIDENCES AT EMERALD HILL,3,8016.0,1650.0
RESIDENCES BOTANIQUE,2,3650.0,850.0
RESIDENCES BOTANIQUE,3,4300.0,1150.0
REZI 24,1,3450.0,500.0
REZI 24,2,3950.0,600.0
REZI 24,3,5800.0,950.0
REZI 26,1,2800.0,450.0
REZI 26,3,5800.0,1350.0
REZI 35,2,4300.0,650.0
RICCHEZZA,1,3200.0,550.0
RICHMOND PARK,1,7500.0,1050.0
RICHMOND PARK,2,6100.0,1250.0
RICHMOND PARK,3,9200.0,1750.0
RIDGEWOOD,2,3800.0,1250.0
RIDGEWOOD,3,5585.0,1690.0
RIDGEWOOD,4,7425.0,2237.5
RIO VISTA,2,3500.0,1050.0
RIO VISTA,3,4200.0,1250.0
RIO VISTA,4,6300.0,1750.0
RIPPLE BAY,1,2833.3333333333335,483.3333333333333
RIPPLE BAY,2,3781.25,825.0
RIPPLE BAY,3,4325.0,1050.0
RIPPLE BAY,4,4000.0,1250.0
RIS GRANDEUR,2,3500.0,1050.0
RIS GRANDEUR,3,4000.0,1300.0
RITZ @ FARRER,1,4000.0,550.0
RITZ MANSIONS,2,3000.0,850.0
RIVER ISLES,2,2800.0,750.0
RIVER ISLES,3,3925.0,1150.0
RIVER ISLES,4,4575.0,1250.0
RIVER PLACE,1,4355.0,820.0
RIVER PLACE,2,5883.333333333333,1183.3333333333333
RIVER PLACE,3,7283.333333333333,1450.0
RIVER PLACE,4,9100.0,>3000
RIVER VALLEY COURT,2,4600.0,1150.0
RIVERBANK @ FERNVALE,1,2500.0,450.0
RIVERBANK @ FERNVALE,2,3550.0,750.0
RIVERBAY,2,3225.0,700.0
RIVERCOVE RESIDENCES,3,4250.0,950.0
RIVERCOVE RESIDENCES,4,5000.0,1250.0
RIVERDALE RESIDENCE,2,5100.0,1150.0
RIVEREDGE,2,5000.0,950.0
RIVEREDGE,3,5800.0,1350.0
RIVERGATE,2,7333.333333333333,1050.0
RIVERGATE,3,10487.5,1606.25
RIVERGATE,4,13336.363636363636,1940.909090909091
RIVERIA GARDENS,3,8750.0,1450.0
RIVERPARC RESIDENCE,3,4100.0,1250.0
RIVERSAILS,1,3200.0,550.0
RIVERSAILS,2,3833.3333333333335,883.3333333333334
RIVERSAILS,3,4666.666666666667,1150.0
RIVERSHIRE,3,6290.0,1490.0
RIVERSOUND RESIDENCE,2,3200.0,750.0
RIVERSOUND RESIDENCE,3,4175.0,1000.0
RIVERSOUND RESIDENCE,4,4800.0,1250.0
RIVERTREES RESIDENCES,2,3500.0,675.0
RIVERTREES RESIDENCES,3,4175.0,1050.0
RIVERVALE CREST,1,3566.6666666666665,950.0
RIVERVALE CREST,3,3825.0,1150.0
RIVERWALK APARTMENTS,2,6083.333333333333,1250.0
RIVIERA 38,1,2750.0,450.0
RIVIERA 38,3,4000.0,1150.0
RIVIERA RESIDENCES,3,5000.0,1250.0
RIVIERE,1,5270.0,550.0
RIVIERE,2,6550.0,850.0
RIVIERE,3,10303.846153846154,1311.5384615384614
RIVIERE,4,19000.0,2050.0
RIZ HAVEN,3,4300.0,1050.0
ROBERTSON 100,2,5425.0,875.0
ROBERTSON 100,3,6650.0,1450.0
ROBERTSON EDGE,1,3700.0,450.0
ROBERTSON EDGE,2,3925.0,500.0
ROBIN REGALIA,2,4650.0,1050.0
ROBIN RESIDENCES,2,3950.0,550.0
ROBIN RESIDENCES,3,5800.0,1050.0
ROBIN RESIDENCES,4,9500.0,1450.0
ROBIN SUITES,1,4294.333333333333,683.3333333333334
ROBIN SUITES,2,3700.0,550.0
ROBINSON SUITES,1,3900.0,483.3333333333333
ROBINSON SUITES,2,4550.0,650.0
ROCHELLE AT NEWTON,4,9000.0,1850.0
ROOTS @ TRANSIT,1,2900.0,450.0
ROSALIA PARK,2,4500.0,1150.0
ROSALIA PARK,3,3000.0,1450.0
ROSEWOOD,2,3900.0,1050.0
ROSEWOOD,3,3875.0,1150.0
ROSEWOOD SUITES,2,2700.0,650.0
ROSEWOOD SUITES,3,4400.0,1400.0
ROSEWOOD SUITES,4,8300.0,2750.0
ROXY SQUARE,2,3500.0,1250.0
ROYALGREEN,2,5064.285714285715,764.2857142857143
ROYALGREEN,3,7366.666666666667,1016.6666666666666
RV EDGE,1,3550.0,400.0
RV POINT,1,3250.0,400.0
RV RESIDENCES,1,3733.3333333333335,450.0
RV RESIDENCES,2,5030.0,770.0
RV RESIDENCES,3,5833.333333333333,850.0
RV SUITES,1,3580.0,530.0
RV SUITES,2,5200.0,1050.0
SAGE,4,20000.0,2850.0
SAM KIANG MANSIONS,3,4866.666666666667,1250.0
SANCTUARY @ 813,2,3550.0,750.0
SANCTUARY GREEN,2,5066.666666666667,1016.6666666666666
SANCTUARY GREEN,3,5850.0,1283.3333333333333
SANCTUARY GREEN,4,8000.0,1850.0
SANDY EIGHT,2,4200.0,750.0
SANT RITZ,1,3300.0,550.0
SANT RITZ,2,3900.0,650.0
SANT RITZ,3,5216.666666666667,1183.3333333333333
SANTA FE MANSIONS,3,3900.0,1050.0
SAPPHIRE 99,2,4400.0,950.0
SARKIES MANSIONS,2,5500.0,1650.0
SAVANNAH CONDOPARK,3,4676.666666666667,1250.0
SAVANNAH CONDOPARK,4,6800.0,2350.0
SCOTTS 28,1,5200.0,1050.0
SCOTTS 28,3,9000.0,1850.0
SCOTTS HIGHPARK,2,6100.0,1150.0
SCOTTS HIGHPARK,4,19000.0,>3000
SCOTTS SQUARE,1,5581.25,650.0
SCOTTS SQUARE,2,7528.571428571428,921.4285714285714
SCOTTS SQUARE,3,9300.0,1250.0
SCULPTURA ARDMORE,4,45000.0,2850.0
SEA ESTA,1,3000.0,550.0
SEA ESTA,2,3400.0,750.0
SEA ESTA,3,4550.0,1116.6666666666667
SEA HORIZON,2,3650.0,750.0
SEA HORIZON,3,4444.0,1150.0
SEA HORIZON,4,5000.0,1350.0
SEA HORIZON,5,4700.0,1550.0
SEAHILL,1,3600.0,616.6666666666666
SEAHILL,2,4825.0,825.0
SEAHILL,3,6366.666666666667,1216.6666666666667
SEASCAPE,3,12250.0,2150.0
SEASCAPE,4,16500.0,2650.0
SEASIDE RESIDENCES,1,3699.3333333333335,536.6666666666666
SEASIDE RESIDENCES,2,4800.0,750.0
SEASIDE RESIDENCES,3,7140.0,1150.0
SEASIDE RESIDENCES,4,11000.0,1750.0
SEASONS VIEW,2,3675.0,950.0
SEASONS VIEW,3,4133.333333333333,1150.0
SEASTRAND,2,3300.0,850.0
SEASTRAND,3,4350.0,1200.0
SEASUITES,2,4000.0,750.0
SEAVIEW POINT,3,5100.0,1350.0
SELANTING GREEN,3,4200.0,1450.0
SELETAR PARK RESIDENCE,1,3200.0,650.0
SELETAR PARK RESIDENCE,2,4066.6666666666665,1216.6666666666667
SELETARIS,4,6000.0,1650.0
SENNETT RESIDENCE,1,3583.3333333333335,550.0
SENNETT RESIDENCE,2,4000.0,850.0
SENNETT RESIDENCE,3,5700.0,1083.3333333333333
SENNETT RESIDENCE,4,6400.0,1350.0
SERAYA 9,2,4550.0,850.0
SERAYA BREEZE,2,3400.0,750.0
SERENITY PARK,3,3783.3333333333335,1350.0
SETIA RESIDENCES,4,18000.0,>3000
SEVENTY SAINT PATRICK'S,2,4416.666666666667,833.3333333333334
SEVENTY SAINT PATRICK'S,4,7800.0,1650.0
SHANGRI-LA RESIDENCES,4,12652.0,2250.0
SHAW PLAZA - TWIN HEIGHTS,3,5200.0,1450.0
SHEARES VILLE,3,7000.0,1350.0
SHELFORD 23,2,3750.0,1050.0
SHELFORD GREEN,3,9650.0,2850.0
SHELFORD GREEN,5,10500.0,>3000
SHELFORD VIEW,2,9600.0,2650.0
SHIRO,1,2800.0,450.0
SIGLAP V,1,2625.0,550.0
SIGLAP V,2,3280.0,850.0
SIGNATURE AT YISHUN,3,4400.0,1050.0
SIGNATURE PARK,2,3611.1111111111113,1050.0
SIGNATURE PARK,3,4416.666666666667,1416.6666666666667
SIGNATURE PARK,4,5650.0,1750.0
SILVERSCAPE,1,2550.0,450.0
SILVERSEA,2,6125.0,950.0
SILVERSEA,3,8625.0,1625.0
SILVERSEA,4,13400.0,2500.0
SIMEI GREEN CONDOMINIUM,3,3460.0,1010.0
SIMS DORADO,2,3300.0,850.0
SIMS EDGE,1,3100.0,450.0
SIMS EDGE,2,3100.0,450.0
SIMS GREEN,3,5000.0,2050.0
SIMS RESIDENCES,3,4200.0,1450.0
SIMS URBAN OASIS,1,3205.0,450.0
SIMS URBAN OASIS,2,4188.461538461538,673.0769230769231
SIMS URBAN OASIS,3,6268.75,1000.0
SIMSVILLE,2,3875.0,950.0
SIMSVILLE,3,4850.0,1250.0
SIN MING CENTRE,1,3075.0,650.0
SIN MING CENTRE,2,3325.0,1050.0
SIN THAI HIN BUILDING,3,5850.0,1750.0
SINGA HILLS,2,2800.0,650.0
SIXTEEN35 RESIDENCES,1,3090.0,450.0
SIXTH AVENUE VILLE,3,5800.0,1250.0
SIXTH AVENUE VILLE,4,8000.0,1950.0
SKIES MILTONIA,1,2700.0,483.3333333333333
SKIES MILTONIA,2,3412.5,750.0
SKIES MILTONIA,3,5233.333333333333,1783.3333333333333
SKY GREEN,1,3266.6666666666665,450.0
SKY GREEN,2,3775.0,700.0
SKY GREEN,3,4800.0,1150.0
SKY HABITAT,1,3900.0,750.0
SKY HABITAT,2,5025.0,1100.0
SKY HABITAT,3,7166.666666666667,1350.0
SKY VUE,1,3480.0,450.0
SKY VUE,2,4390.625,712.5
SKY@ELEVEN,3,9250.0,1850.0
SKY@ELEVEN,4,12027.272727272728,2586.3636363636365
SKYLINE 360 @ SAINT THOMAS WALK,4,15000.0,2150.0
SKYLINE @ ORCHARD BOULEVARD,2,12200.0,1750.0
SKYLINE @ ORCHARD BOULEVARD,3,16944.0,2050.0
SKYLINE RESIDENCES,1,3566.6666666666665,450.0
SKYLINE RESIDENCES,2,4966.666666666667,850.0
SKYLINE RESIDENCES,3,7480.0,1290.0
SKYLINE RESIDENCES,4,9800.0,1750.0
SKYPARK RESIDENCES,3,5200.0,1250.0
SKYSUITES17,1,2766.6666666666665,350.0
SKYSUITES17,2,4000.0,650.0
SKYSUITES@ANSON,1,4000.0,350.0
SKYSUITES@ANSON,2,5600.0,650.0
SKYSUITES@ANSON,3,7750.0,1050.0
SLOANE RESIDENCES,2,7000.0,750.0
SMART SUITES,1,2825.0,450.0
SOHO 188,1,3133.3333333333335,516.6666666666666
SOHO 188,2,3900.0,550.0
SOL ACRES,3,4200.0,1050.0
SOLEIL @ SINARAN,2,6814.285714285715,1164.2857142857142
SOLEIL @ SINARAN,3,10000.0,1450.0
SOLEIL @ SINARAN,4,12500.0,1750.0
SOMMERVILLE GRANDEUR,2,4605.0,1150.0
SOMMERVILLE GRANDEUR,3,7000.0,1850.0
SOMMERVILLE PARK,1,3020.0,650.0
SOMMERVILLE PARK,3,8742.857142857143,2035.7142857142858
SONG LANG GREEN,3,4800.0,1250.0
SOPHIA FLATS,1,3300.0,450.0
SOPHIA HILLS,1,3631.25,537.5
SOPHIA HILLS,2,4218.181818181818,686.3636363636364
SOPHIA HILLS,3,7750.0,1200.0
SOPHIA HILLS,4,8600.0,1550.0
SOPHIA LODGE,3,5060.0,990.0
SOPHIA RESIDENCE,3,7420.0,1630.0
SOPHIA RESIDENCE,4,9500.0,1850.0
SOUTHAVEN II,2,4000.0,1050.0
SOUTHAVEN II,3,4750.0,1550.0
SOUTHBANK,1,4160.0,590.0
SOUTHBANK,2,5350.0,950.0
SPACE @ KOVAN,1,3025.0,500.0
SPACE @ KOVAN,2,3500.0,864.2857142857143
SPACE @ KOVAN,3,4133.333333333333,1116.6666666666667
SPANISH VILLAGE,1,3350.0,650.0
SPANISH VILLAGE,3,5375.0,1700.0
SPAZIO @ KOVAN,2,3350.0,550.0
SPOTTISWOODE 18,1,3412.5,433.3333333333333
SPOTTISWOODE 18,2,4137.5,650.0
SPOTTISWOODE RESIDENCES,1,4144.0,635.7142857142857
SPOTTISWOODE RESIDENCES,2,5500.0,883.3333333333334
SPOTTISWOODE RESIDENCES,3,7800.0,1450.0
SPOTTISWOODE SUITES,1,3475.0,450.0
SPOTTISWOODE SUITES,2,4350.0,616.6666666666666
SPOTTISWOODE SUITES,3,5716.666666666667,950.0
SPRING @ KATONG,2,5000.0,1050.0
SPRING GROVE,2,5486.0,1050.0
SPRING GROVE,3,6783.333333333333,1400.0
SPRING GROVE,4,7200.0,1750.0
SPRING RESIDENCES,3,6590.0,1450.0
SPRINGDALE CONDOMINIUM,2,3675.0,950.0
SPRINGDALE CONDOMINIUM,3,4360.0,1150.0
SPRINGVALE,2,3500.0,950.0
SPRINGVALE,3,4350.0,1150.0
ST MARTIN RESIDENCE,3,11000.0,2850.0
ST MICHAEL'S CONDOMINIUM,4,4350.0,1550.0
ST MICHAEL'S PLACE,3,4700.0,1250.0
ST REGIS RESIDENCES SINGAPORE,4,18028.571428571428,2514.285714285714
ST THOMAS SUITES,3,10500.0,1850.0
ST THOMAS SUITES,4,14066.666666666666,2250.0
ST THOMAS SUITES,5,53000.0,>3000
ST THOMAS VILLE,3,5150.0,1150.0
STARLIGHT SUITES,1,4775.0,725.0
STARS OF KOVAN,1,3150.0,550.0
STARS OF KOVAN,2,4028.5714285714284,750.0
STARVILLE,3,4366.666666666667,1250.0
STELLAR RV,1,3550.0,450.0
STELLAR RV,2,3800.0,650.0
STEVENS LOFT,2,5700.0,1150.0
STEVENS SUITES,3,6400.0,1150.0
STIRLING RESIDENCES,1,4070.8333333333335,483.3333333333333
STIRLING RESIDENCES,2,5076.190476190476,664.2857142857143
STIRLING RESIDENCES,3,6875.0,925.0
STRATFORD COURT,2,3650.0,950.0
STRATFORD COURT,3,3800.0,1250.0
STRATFORD COURT,4,5800.0,1550.0
STRATUM,1,3025.0,550.0
STRATUM,2,3850.0,770.0
STRATUM,3,4250.0,1050.0
STUDIO 3,1,3600.0,550.0
STUDIOS@TEMBELING,1,2600.0,350.0
STUDIOS@TEMBELING,2,3100.0,450.0
STURDEE RESIDENCES,1,3562.5,450.0
STURDEE RESIDENCES,2,4435.0,600.0
STURDEE RESIDENCES,3,6019.5,850.0
SUFFOLK PREMIER,3,5000.0,1050.0
SUI GENERIS,3,8000.0,1750.0
SUI GENERIS,4,13250.0,2150.0
SUITES 28,1,2550.0,700.0
SUITES @ AMBER,3,4800.0,950.0
SUITES @ CAIRNHILL,2,7300.0,1150.0
SUITES @ CAIRNHILL,4,10500.0,1850.0
SUITES @ EASTCOAST,1,3000.0,350.0
SUITES @ EASTCOAST,2,2925.0,550.0
SUITES @ EUNOS,1,2700.0,350.0
SUITES @ EUNOS,2,4250.0,1150.0
SUITES @ GUILLEMARD,1,2516.6666666666665,483.3333333333333
SUITES @ GUILLEMARD,2,3200.0,850.0
SUITES @ KOVAN,1,2200.0,350.0
SUITES @ PAYA LEBAR,1,2850.0,450.0
SUITES @ SHREWSBURY,1,2600.0,350.0
SUITES @ SIMS,1,2200.0,350.0
SUITES @ SIMS,2,3900.0,550.0
SUITES @ SOPHIA,1,3200.0,1750.0
SUITES AT BUKIT TIMAH,2,3400.0,550.0
SUITES AT ORCHARD,1,4800.0,600.0
SUITES AT ORCHARD,2,6250.0,850.0
SUITES AT ORCHARD,3,7800.0,1550.0
SUITES DE LAUREL,1,3100.0,550.0
SUITES DE LAUREL,2,3800.0,1050.0
SUITES TWENTY-TWO,3,4000.0,1050.0
SUITES@ KATONG,1,3000.0,650.0
SUITES@BRADDELL,1,2650.0,350.0
SUITES@BRADDELL,2,3400.0,850.0
SUITES@CHANGI,1,2700.0,450.0
SUMMERDALE,3,4815.0,1350.0
SUMMERHILL,2,3900.0,950.0
SUMMERHILL,3,4100.0,1250.0
SUMMERHILL,4,5633.333333333333,1616.6666666666667
SUN PLAZA,3,3900.0,1350.0
SUNFLOWER VIEW,3,4200.0,1050.0
SUNGLADE,2,4133.333333333333,983.3333333333334
SUNGLADE,3,4900.0,1183.3333333333333
SUNHAVEN,2,3075.0,950.0
SUNHAVEN,3,4233.333333333333,1250.0
SUNNY PALMS,3,4500.0,1050.0
SUNRISE GARDENS,2,3800.0,1050.0
SUNRISE GARDENS,4,4800.0,1750.0
SUNSHINE PLAZA,1,3500.0,550.0
SUNSHINE PLAZA,2,4750.0,750.0
SUNSHINE PLAZA,3,6200.0,1150.0
SUNSTONE RESIDENCES,2,3000.0,750.0
SUNVILLE,3,4112.5,1150.0
SYCAMORE TREE,1,3183.3333333333335,383.3333333333333
SYCAMORE TREE,3,4150.0,850.0
SYMPHONY HEIGHTS,2,3916.6666666666665,950.0
SYMPHONY HEIGHTS,3,4757.142857142857,1450.0
SYMPHONY SUITES,2,3280.0,650.0
SYMPHONY SUITES,3,3892.8571428571427,835.7142857142857
SYMPHONY SUITES,4,4200.0,1050.0
TAN CHIN TUAN MANSION,4,24000.0,>3000
TAN TONG MENG TOWER,4,5750.0,>3000
TANAH MERAH MANSION,2,3416.6666666666665,850.0
TANAMERA CREST,3,4080.0,1170.0
TANGERINE GROVE,2,3900.0,950.0
TANGLIN HILL CONDOMINIUM,4,9750.0,2550.0
TANGLIN PARK,3,7434.615384615385,1542.3076923076924
TANGLIN PARK,4,9366.666666666666,1950.0
TANGLIN REGENCY,2,4425.0,850.0
TANGLIN REGENCY,3,6133.333333333333,1150.0
TANGLIN VIEW,2,5050.0,1000.0
TANGLIN VIEW,3,5866.666666666667,1183.3333333333333
TANGLIN VIEW,4,9600.0,2250.0
TANJONG PAGAR COMPLEX,3,3592.0,1650.0
TANJONG RIA CONDOMINIUM,1,2900.0,650.0
TANJONG RIA CONDOMINIUM,2,4000.0,850.0
TANJONG RIA CONDOMINIUM,3,5050.0,1275.0
TEN @ SUFFOLK,2,5000.0,1050.0
TERESA VILLE,2,5300.0,1350.0
TERESA VILLE,3,5966.666666666667,1950.0
TERRASSE,1,3100.0,600.0
TERRASSE,2,3725.0,775.0
TERRASSE,3,4925.0,1200.0
TERRASSE,4,7150.0,1650.0
TERRENE AT BUKIT TIMAH,2,4550.0,1025.0
TERRENE AT BUKIT TIMAH,3,5150.0,1200.0
TEXTILE CENTRE,2,4950.0,900.0
THE ABERDEEN,3,4500.0,1350.0
THE ACACIAS,2,3700.0,1050.0
THE ACACIAS,3,4500.0,1350.0
THE ALCOVE,2,4300.0,1050.0
THE ALCOVE,3,4000.0,1250.0
THE ALPS RESIDENCES,1,3000.0,512.5
THE ALPS RESIDENCES,2,3575.0,650.0
THE ALPS RESIDENCES,3,4666.666666666667,983.3333333333334
THE AMARELLE,1,3450.0,550.0
THE AMARELLE,2,4100.0,950.0
THE AMORE,3,4075.0,950.0
THE ANCHORAGE,1,3725.0,900.0
THE ANCHORAGE,2,5166.666666666667,1183.3333333333333
THE ANCHORAGE,3,6221.428571428572,1664.2857142857142
THE ANCHORAGE,4,6900.0,2050.0
THE ANTARES,1,3650.0,550.0
THE ANTARES,2,4494.444444444444,694.4444444444445
THE ANTARES,3,4800.0,650.0
THE ARC AT DRAYCOTT,2,6650.0,1150.0
THE ARC AT DRAYCOTT,3,7700.0,1250.0
THE ARCADIA,4,12750.0,>3000
THE ARISTO @ AMBER,2,5500.0,850.0
THE ARRIS,1,4500.0,650.0
THE ARRIS,2,5766.666666666667,950.0
THE ARTE,2,4600.0,1050.0
THE ARTE,3,5950.0,1500.0
THE ASANA,2,4200.0,650.0
THE ASTON,1,3500.0,650.0
THE AXIS,1,2800.0,350.0
THE AZURE,3,9825.0,1700.0
THE AZURE,4,18000.0,>3000
THE BALE,2,4300.0,1050.0
THE BALMORAL,4,7500.0,2650.0
THE BALMORAL SPRING,3,5700.0,1150.0
THE BAYCOURT,3,3600.0,1250.0
THE BAYRON,2,5500.0,850.0
THE BAYSHORE,2,4017.8571428571427,978.5714285714286
THE BAYSHORE,3,4975.0,1225.0
THE BAYSHORE,4,5800.0,1450.0
THE BEACON,3,9000.0,2250.0
THE BEAUMONT,2,5500.0,1450.0
THE BEAUMONT,3,6200.0,1850.0
THE BELVEDERE,3,5866.666666666667,1316.6666666666667
THE BENCOOLEN,2,4650.0,862.5
THE BENCOOLEN,3,6300.0,1050.0
THE BERTH BY THE COVE,3,8600.0,1650.0
THE BERTH BY THE COVE,4,13750.0,>3000
THE BEVERLY,2,3100.0,1250.0
THE BLOSSOMVALE,2,3950.0,1050.0
THE BLOSSOMVALE,4,7800.0,1750.0
THE BOTANIC ON LLOYD,3,12066.666666666666,2050.0
THE BOULEVARD RESIDENCE,3,11750.0,2050.0
THE BOUTIQ,1,3900.0,550.0
THE BOUTIQ,2,5466.666666666667,916.6666666666666
THE BROOKS II,1,3000.0,550.0
THE BROOKS II,2,3500.0,850.0
THE BROWNSTONE,2,3500.0,750.0
THE BROWNSTONE,3,4243.0,930.0
THE BROWNSTONE,4,5200.0,1150.0
THE CALROSE,3,5900.0,1800.0
THE CANOPY,3,4900.0,1250.0
THE CAPE,1,3560.0,570.0
THE CAPE,3,7500.0,1150.0
THE CASCADIA,1,3214.285714285714,592.8571428571429
THE CASCADIA,2,5150.0,850.0
THE CASCADIA,4,7500.0,1450.0
THE CASSANDRA,3,5400.0,1350.0
THE CATHAY RESIDENCE,2,5641.333333333333,1016.6666666666666
THE CENTREN,2,2300.0,550.0
THE CENTREPOINT,1,4650.5,750.0
THE CENTREPOINT,2,5000.0,1150.0
THE CENTRIS,2,4450.0,1037.5
THE CENTRIS,3,5775.0,1225.0
THE CENTRIS,4,5850.0,1450.0
THE CHERRYWOOD,3,4000.0,850.0
THE CHUAN,2,5000.0,950.0
THE CHUAN,3,5100.0,1250.0
THE CHUAN,4,6650.0,1650.0
THE CITRINE,3,4600.0,1150.0
THE CLAYMORE,3,13825.0,2650.0
THE CLAYMORE,4,17866.666666666668,>3000
THE CLAYTON,3,6500.0,1850.0
THE CLEARWATER,3,5000.0,1250.0
THE CLEMENT CANOPY,2,4247.058823529412,679.4117647058823
THE CLEMENT CANOPY,3,6122.222222222223,1038.888888888889
THE CLEMENT CANOPY,4,7300.0,1350.0
THE CLIFT,1,4767.0,571.4285714285714
THE CLIFT,2,6150.0,816.6666666666666
THE COAST AT SENTOSA COVE,3,12366.666666666666,2366.6666666666665
THE COAST AT SENTOSA COVE,4,14100.0,2925.0
THE COAST AT SENTOSA COVE,5,17000.0,>3000
THE COLONNADE,3,19250.0,>3000
THE COLONNADE,5,45000.0,>3000
THE CORNWALL,1,4400.0,650.0
THE CORNWALL,4,10500.0,2250.0
THE COSMOPOLITAN,2,6800.0,1150.0
THE COSMOPOLITAN,3,9050.0,1350.0
THE COSMOPOLITAN,4,10500.0,1650.0
THE COTERIE @ HOLLAND,1,3350.0,450.0
THE COTERIE @ HOLLAND,2,4300.0,850.0
THE CREEK @ BUKIT,1,3000.0,450.0
THE CREEK @ BUKIT,2,4450.0,950.0
THE CREEK @ BUKIT,3,4500.0,950.0
THE CREST,2,5517.6,890.0
THE CREST,3,7675.0,1400.0
THE CREST,4,12000.0,1750.0
THE CREST,5,9000.0,1950.0
THE CRITERION,3,4300.0,900.0
THE DAFFODIL,2,4000.0,1050.0
THE DAIRY FARM,2,4233.333333333333,1316.6666666666667
THE DAIRY FARM,3,6462.5,2100.0
THE DEW,3,4366.666666666667,1350.0
THE DRAYCOTT,3,9210.0,2250.0
THE EASTSIDE,2,4500.0,950.0
THE EDEN AT TAMPINES,2,3500.0,850.0
THE EDEN AT TAMPINES,3,4000.0,1050.0
THE ELYSIA,3,4300.0,1150.0
THE ENCLAVE . HOLLAND,2,5200.0,750.0
THE ESPARIS,3,4150.0,1200.0
THE ESPIRA,3,4000.0,1150.0
THE ESTA,2,5200.0,1050.0
THE ESTA,3,6985.714285714285,1407.142857142857
THE ESTA,4,8300.0,1550.0
THE ESTIVA,2,4983.333333333333,1016.6666666666666
THE ESTIVA,3,4000.0,1150.0
THE ESTRELLA,3,5037.5,1300.0
THE ESTUARY,1,2800.0,650.0
THE ESTUARY,2,3837.5,975.0
THE ESTUARY,3,4366.666666666667,1350.0
THE ESTUARY,4,6400.0,1550.0
THE FLORAVALE,3,4768.0,1610.0
THE FLORIDA,3,3933.3333333333335,1283.3333333333333
THE FOLIAGE,1,3700.0,550.0
THE FOLIAGE,2,4400.0,950.0
THE FOLIAGE,3,5200.0,1100.0
THE FORD @ HOLLAND,1,3475.714285714286,507.14285714285717
THE FORESTA @ MOUNT FABER,2,4000.0,650.0
THE GALE,1,2750.0,650.0
THE GALE,2,3730.0,990.0
THE GALE,3,5375.0,1600.0
THE GARDEN RESIDENCES,1,3100.0,450.0
THE GARDEN RESIDENCES,2,3600.0,650.0
THE GARDENS AT BISHAN,2,4350.0,850.0
THE GARDENS AT BISHAN,3,5233.333333333333,1250.0
THE GARDENS AT BISHAN,4,6100.0,1550.0
THE GAZANIA,1,3399.5,450.0
THE GAZANIA,2,3975.0,650.0
THE GERANIUM,1,3200.0,650.0
THE GLADES,1,3183.3333333333335,483.3333333333333
THE GLADES,2,3814.285714285714,592.8571428571429
THE GLADES,3,5000.0,850.0
THE GLYNDEBOURNE,1,4400.0,650.0
THE GLYNDEBOURNE,3,7800.0,1583.3333333333333
THE GLYNDEBOURNE,4,11666.666666666666,2116.6666666666665
THE GRANDHILL,2,4500.0,1850.0
THE GRANGE,4,13400.0,2300.0
THE GREENWICH,1,3300.0,650.0
THE GREENWICH,3,4500.0,1050.0
THE HACIENDA,4,8200.0,2150.0
THE HELICONIA,3,4000.0,1350.0
THE HERMITAGE,2,4300.0,850.0
THE HILLFORD,1,2866.6666666666665,383.3333333333333
THE HILLFORD,2,3616.6666666666665,550.0
THE HILLIER,1,3371.875,593.75
THE HILLIER,2,3866.6666666666665,850.0
THE HILLSIDE,3,4383.333333333333,1333.3333333333333
THE HOLLAND COLLECTION,4,16000.0,>3000
THE HORIZON,3,6000.0,1550.0
THE IMPERIAL,2,5800.0,950.0
THE IMPERIAL,3,8650.0,1600.0
THE INFINITI,2,3700.0,950.0
THE INFINITI,3,5420.0,1370.0
THE INFLORA,1,2800.0,450.0
THE INFLORA,2,3375.0,800.0
THE INSPIRA,2,5533.333333333333,950.0
THE INTERLACE,2,5235.0,970.0
THE INTERLACE,3,8247.058823529413,1723.5294117647059
THE INTERLACE,4,10692.5,2525.0
THE INTERWEAVE,1,3000.0,450.0
THE INTERWEAVE,2,3800.0,650.0
THE JADE,2,4460.0,1050.0
THE JADE,3,5500.0,1350.0
THE JOVELL,1,3312.5,525.0
THE JOVELL,2,3700.0,700.0
THE LADYHILL,3,12250.0,2350.0
THE LAKEFRONT RESIDENCES,1,3240.0,510.0
THE LAKEFRONT RESIDENCES,2,4310.0,800.0
THE LAKEFRONT RESIDENCES,3,5575.0,1225.0
THE LAKEFRONT RESIDENCES,4,8500.0,2450.0
THE LAKEFRONT RESIDENCES,5,9000.0,2850.0
THE LAKESHORE,2,4200.0,930.0
THE LAKESHORE,3,5431.25,1162.5
THE LAKESHORE,4,6500.0,1450.0
THE LANAI,2,3950.0,950.0
THE LANAI,3,4650.0,1100.0
THE LAURELS,2,6200.0,850.0
THE LAURELS,3,8850.0,1350.0
THE LAURELS,4,13000.0,1850.0
THE LEGEND,2,6000.0,1450.0
THE LENOX,1,2350.0,450.0
THE LENOX,3,4500.0,850.0
THE LEVELZ,1,4000.0,750.0
THE LEVELZ,2,4700.0,950.0
THE LIGHT @ CAIRNHILL,3,9150.0,1600.0
THE LINE @ TANJONG RHU,1,3200.0,450.0
THE LINE @ TANJONG RHU,2,3675.0,550.0
THE LINE @ TANJONG RHU,3,6500.0,1050.0
THE LINEAR,3,4666.666666666667,1250.0
THE LOFT,3,10000.0,1450.0
THE LUSH,2,4500.0,850.0
THE LUXURIE,2,3700.0,766.6666666666666
THE MADEIRA,2,4200.0,1050.0
THE MADEIRA,3,4200.0,1350.0
THE MAKENA,3,5763.636363636364,1450.0
THE MARBELLA,3,9300.0,2950.0
THE MARBELLA,4,8200.0,1650.0
THE MARQUE @ IRRAWADDY,3,5400.0,1150.0
THE MAYFAIR,1,3350.0,650.0
THE MAYFAIR,3,4904.75,1212.5
THE MAYLEA,3,6400.0,1750.0
THE MEDLEY,4,5500.0,1350.0
THE MERASAGA,2,5000.0,950.0
THE MERASAGA,3,7466.666666666667,1350.0
THE MERCURY,2,5300.0,1050.0
THE MERLOT,1,2800.0,550.0
THE METROPOLITAN CONDOMINIUM,2,4600.0,750.0
THE METROPOLITAN CONDOMINIUM,3,7366.666666666667,1483.3333333333333
THE METROPOLITAN CONDOMINIUM,4,10100.0,2150.0
THE METZ,1,4550.0,550.0
THE METZ,2,7000.0,1050.0
THE MEYERISE,2,5233.333333333333,850.0
THE MEYERISE,3,6933.333333333333,1350.0
THE MEYERISE,4,7000.0,2050.0
THE MEZZO,1,3100.0,550.0
THE MIDAS,3,3800.0,1350.0
THE MILTONIA RESIDENCES,1,2850.0,550.0
THE MILTONIA RESIDENCES,2,3600.0,910.0
THE MILTONIA RESIDENCES,3,4433.333333333333,1316.6666666666667
THE MINTON,2,4275.0,983.3333333333334
THE MINTON,3,5016.666666666667,1316.6666666666667
THE MKZ,3,4900.0,650.0
THE MONTAGE,1,3800.0,650.0
THE MONTAGE,2,4250.0,950.0
THE MONTANA,1,3501.0,700.0
THE MONTANA,3,5750.0,1150.0
THE MORNINGSIDE,3,7650.0,1750.0
THE NASSIM,4,60000.0,>3000
THE NAUTICAL,2,3400.0,750.0
THE NAUTICAL,3,3650.0,983.3333333333334
THE NEXUS,2,4700.0,950.0
THE NEXUS,3,6500.0,1350.0
THE NEXUS,4,6750.0,1500.0
THE OCEANFRONT @ SENTOSA COVE,2,7575.0,1300.0
THE OCEANFRONT @ SENTOSA COVE,3,10250.0,1991.6666666666667
THE OCEANFRONT @ SENTOSA COVE,4,15000.0,2050.0
THE OLIV,4,19600.0,>3000
THE ORANGE GROVE,3,15000.0,2675.0
THE ORCHARD RESIDENCES,3,17900.0,1970.0
THE ORIENT,1,2800.0,350.0
THE ORIENT,2,4150.0,683.3333333333334
THE OXLEY,2,4000.0,650.0
THE PALETTE,1,2890.0,510.0
THE PALETTE,2,3840.0,810.0
THE PALETTE,3,4600.0,1133.3333333333333
THE PANORAMA,1,3000.0,450.0
THE PANORAMA,2,3962.5,725.0
THE PANORAMA,3,5333.333333333333,1050.0
THE PANORAMA,4,7800.0,1350.0
THE PARC CONDOMINIUM,1,3300.0,650.0
THE PARC CONDOMINIUM,2,4650.0,950.0
THE PARC CONDOMINIUM,3,6169.2307692307695,1303.8461538461538
THE PARC CONDOMINIUM,4,7025.0,1475.0
THE PATERSON,2,6500.0,1350.0
THE PATERSON,3,8800.0,1450.0
THE PATERSON EDGE,2,5750.0,1050.0
THE PEAK @ CAIRNHILL I,1,3700.0,550.0
THE PEAK @ CAIRNHILL II,2,4900.0,850.0
THE PEAK@BALMEG,2,4800.0,950.0
THE PEAK@BALMEG,3,6800.0,1750.0
THE PEAK@BALMEG,4,8500.0,1950.0
THE PEARL @ MOUNT FABER,3,6600.0,1350.0
THE PETALS,3,4166.666666666667,1250.0
THE PETALS,4,5700.0,1650.0
THE PIER AT ROBERTSON,1,5000.0,650.0
THE PIER AT ROBERTSON,2,6000.0,1050.0
THE PLAZA,1,4200.0,750.0
THE PLAZA,2,4100.0,850.0
THE POIZ RESIDENCES,1,3381.818181818182,477.27272727272725
THE POIZ RESIDENCES,2,4274.75,650.0
THE POIZ RESIDENCES,3,6850.0,1100.0
THE POIZ RESIDENCES,4,9000.0,1450.0
THE PRINCETON,3,3200.0,1050.0
THE PROMENADE@PELIKAT,1,2875.0,450.0
THE PROMENADE@PELIKAT,2,3200.0,1000.0
THE PROMENADE@PELIKAT,3,4000.0,950.0
THE QUAYSIDE,3,6900.0,1350.0
THE QUINN,2,3866.6666666666665,750.0
THE RAINTREE,2,3900.0,950.0
THE RAINTREE,3,5162.5,1337.5
THE RAINTREE,4,7400.0,1550.0
THE REGALIA,3,5000.0,1250.0
THE REGENCY AT TIONG BAHRU,2,6000.0,950.0
THE REGENCY AT TIONG BAHRU,3,7050.0,1250.0
THE RESIDENCES AT W SINGAPORE SENTOSA COVE,2,8050.0,1250.0
THE RESIDENCES AT W SINGAPORE SENTOSA COVE,3,14800.0,2550.0
THE RESIDENCES AT W SINGAPORE SENTOSA COVE,4,13485.714285714286,2342.8571428571427
THE RESIDENCES AT W SINGAPORE SENTOSA COVE,5,24000.0,>3000
THE RICHMOND,3,4700.0,1250.0
THE RISE @ OXLEY - RESIDENCES,1,3750.0,450.0
THE RISE @ OXLEY - RESIDENCES,2,5049.75,675.0
THE RITZ-CARLTON RESIDENCES SINGAPORE CAIRNHILL,3,20000.0,2850.0
THE RIVERINE BY THE PARK,2,4025.0,950.0
THE RIVERINE BY THE PARK,3,6000.0,1350.0
THE RIVERSIDE PIAZZA,2,3850.0,1050.0
THE RIVERSIDE PIAZZA,3,5000.0,1250.0
THE RIVERVALE,3,4166.666666666667,1283.3333333333333
THE ROCHESTER RESIDENCES,1,4750.0,900.0
THE ROCHESTER RESIDENCES,2,7387.5,1300.0
THE ROCHESTER RESIDENCES,3,9000.0,1850.0
THE SAIL @ MARINA BAY,1,4602.8,630.0
THE SAIL @ MARINA BAY,2,6655.2,900.0
THE SAIL @ MARINA BAY,3,8820.0,1490.0
THE SAIL @ MARINA BAY,4,20650.0,2325.0
THE SANCTUARY @ GEYLANG,1,2900.0,650.0
THE SANTORINI,1,3025.0,525.0
THE SANTORINI,2,3700.0,750.0
THE SANTORINI,3,3700.0,1150.0
THE SANTORINI,4,5900.0,1250.0
THE SCALA,1,3275.0,475.0
THE SCALA,2,4540.0,880.0
THE SCALA,3,5766.666666666667,1050.0
THE SCALA,4,7500.0,1250.0
THE SCOTTS TOWER,1,4730.0,650.0
THE SCOTTS TOWER,2,5600.0,850.0
THE SEA VIEW,1,4000.0,550.0
THE SEA VIEW,3,7088.888888888889,1361.111111111111
THE SEA VIEW,4,8037.5,1625.0
THE SEAFRONT ON MEYER,3,7600.0,1725.0
THE SEAFRONT ON MEYER,4,9460.0,2190.0
THE SEAWIND,1,3700.0,750.0
THE SEAWIND,3,6400.0,1150.0
THE SEAWIND,4,10666.666666666666,>3000
THE SENSORIA,3,3800.0,1150.0
THE SERENADE @ HOLLAND,4,8100.0,1950.0
THE SERENNIA,3,5750.0,1700.0
THE SERENNO,1,3050.0,450.0
THE SHELFORD,3,6150.0,1350.0
THE SHELFORD,4,9000.0,2450.0
THE SHORE RESIDENCES,1,3866.6666666666665,550.0
THE SHORE RESIDENCES,2,5342.857142857143,850.0
THE SHORE RESIDENCES,3,6775.0,1225.0
THE SIENA,1,4050.0,600.0
THE SIENA,2,4700.0,750.0
THE SILVER FIR,1,3100.0,550.0
THE SIXTH AVENUE RESIDENCES,3,7657.142857142857,1935.7142857142858
THE SKYWOODS,1,3200.0,550.0
THE SKYWOODS,2,3800.0,650.0
THE SKYWOODS,3,4500.0,950.0
THE SOLITAIRE,3,6600.0,1550.0
THE SORRENTO,1,3350.0,550.0
THE SORRENTO,2,4800.0,900.0
THE SOUND,2,4400.0,900.0
THE SOUND,4,6500.0,1550.0
THE SPECTRUM,3,4633.333333333333,1150.0
THE SPRINGBLOOM,2,4650.0,1150.0
THE SPRINGBLOOM,3,5500.0,1550.0
THE STELLAR,3,5866.666666666667,1405.5555555555557
THE STERLING,1,3300.0,1150.0
THE STERLING,2,5800.0,1050.0
THE STERLING,3,5233.333333333333,1466.6666666666667
THE STERLING,4,6200.0,1950.0
THE SUITES AT CENTRAL,1,5700.0,650.0
THE SUITES AT CENTRAL,3,8633.333333333334,1483.3333333333333
THE SUMMIT,2,4200.0,1150.0
THE SUMMIT,3,4466.666666666667,1316.6666666666667
THE SUNNY SPRING,3,4325.0,1137.5
THE SUNSHINE,3,4466.666666666667,1250.0
THE TAMPINES TRILLIANT,3,4500.0,983.3333333333334
THE TANAMERA,2,3500.0,950.0
THE TANAMERA,3,4700.0,1416.6666666666667
THE TAPESTRY,1,2893.75,450.0
THE TAPESTRY,2,3810.0,650.0
THE TAPESTRY,3,4800.0,950.0
THE TATE RESIDENCES,3,18000.0,2150.0
THE TATE RESIDENCES,4,20500.0,>3000
THE TEMBUSU,1,3250.0,550.0
THE TEMBUSU,2,3800.0,750.0
THE TEMBUSU,3,4000.0,1250.0
THE TEMBUSU,4,5800.0,1350.0
THE TENNERY,1,3125.0,650.0
THE TENNERY,2,3962.5,875.0
THE TERRACE,3,3900.0,1050.0
THE TERRACE,4,5250.0,1350.0
THE TESSARINA,2,4450.0,950.0
THE TESSARINA,3,7500.0,1800.0
THE TESSARINA,4,8500.0,1750.0
THE THOMSON DUPLEX,4,7500.0,2150.0
THE TIER,1,3000.0,450.0
THE TIER,2,3800.0,600.0
THE TOPIARY,3,4300.0,1050.0
THE TOPIARY,4,4200.0,1350.0
THE TRE VER,1,3450.0,466.6666666666667
THE TRE VER,2,3931.818181818182,659.0909090909091
THE TRE VER,3,6200.0,1050.0
THE TREELINE,2,3600.0,750.0
THE TRESOR,4,7800.0,1550.0
THE TREVOSE,3,6200.0,1350.0
THE TRILINQ,1,3425.0,550.0
THE TRILINQ,2,4420.0,750.0
THE TRILINQ,3,5800.0,1007.1428571428571
THE TRILINQ,4,6900.0,1450.0
THE TRILLIUM,3,12000.0,1750.0
THE TRILLIUM,4,9500.0,2250.0
THE TRILLIUM,5,15500.0,2350.0
THE TRIZON,2,5300.0,1100.0
THE TRIZON,3,7950.0,1821.4285714285713
THE TRIZON,4,10666.666666666666,2183.3333333333335
THE TROPICA,3,4500.0,1250.0
THE TRUMPS,1,3000.0,650.0
THE TWINS,4,7250.0,2250.0
THE VALES,4,4600.0,1250.0
THE VANDERLINT,2,4000.0,750.0
THE VENUE RESIDENCES,1,3450.0,500.0
THE VENUE RESIDENCES,2,4150.0,850.0
THE VENUE RESIDENCES,3,6000.0,1150.0
THE VERANDAH RESIDENCES,1,3333.3333333333335,516.6666666666666
THE VERANDAH RESIDENCES,2,4500.0,650.0
THE VERANDAH RESIDENCES,3,6250.0,1000.0
THE VERV @ RV,2,6050.0,1150.0
THE VERVE,1,3016.6666666666665,516.6666666666666
THE VERVE,2,4100.0,750.0
THE VIEW @ MEYER,3,8000.0,1650.0
THE VIRIDIAN,1,3525.0,550.0
THE VIRIDIAN,2,4000.0,850.0
THE VISION,2,4425.0,950.0
THE VISION,3,6333.333333333333,1333.3333333333333
THE VISIONAIRE,3,4000.0,983.3333333333334
THE VISIONAIRE,4,5250.0,1150.0
THE WARREN,2,3266.6666666666665,1050.0
THE WARREN,3,4450.0,1250.0
THE WARREN,4,5900.0,1550.0
THE WATER EDGE,1,2825.0,475.0
THE WATERINA,2,4300.0,1125.0
THE WATERINA,3,4650.0,1300.0
THE WATERLINE,3,3300.0,1150.0
THE WHARF RESIDENCE,2,7283.333333333333,1050.0
THE WHARF RESIDENCE,3,8700.0,1450.0
THE WHARF RESIDENCE,4,22000.0,>3000
THE WISTERIA,1,3500.0,550.0
THE WOODGROVE,2,3800.0,850.0
THOMSON 800,3,5412.5,1487.5
THOMSON EURO-ASIA,3,6275.0,1175.0
THOMSON GRAND,2,4233.333333333333,950.0
THOMSON GRAND,3,5566.666666666667,1383.3333333333333
THOMSON GRAND,4,7000.0,1650.0
THOMSON GROVE,3,4425.0,1450.0
THOMSON IMPRESSIONS,1,2878.5714285714284,450.0
THOMSON IMPRESSIONS,2,3800.0,750.0
THOMSON IMPRESSIONS,3,4700.0,1150.0
THOMSON THREE,1,3400.0,450.0
THOMSON THREE,2,3900.0,750.0
THOMSON THREE,3,5325.0,1180.0
THOMSON V TWO,1,2975.0,450.0
THOMSON V TWO,2,3500.0,700.0
THOMSON VIEW CONDOMINIUM,1,3730.0,1350.0
THOMSON VIEW CONDOMINIUM,2,4875.0,2050.0
THREE 11,3,5000.0,1050.0
THREE BALMORAL,3,9000.0,1550.0
THREE BUCKLEY,3,13500.0,2250.0
THREE BUCKLEY,4,9700.0,2350.0
TIARA,2,5200.0,850.0
TIARA,3,7575.0,1325.0
TIARA,4,7500.0,1550.0
TIERRA VUE,2,5000.0,1050.0
TIERRA VUE,3,6233.333333333333,1250.0
TIERRA VUE,4,8000.0,2250.0
TIVOLI GRANDE,2,3600.0,950.0
TOMLINSON HEIGHTS,5,36000.0,>3000
TOP TEN,3,7000.0,1450.0
TORIEVIEW MANSIONS,3,5100.0,1350.0
TRE RESIDENCES,1,3300.0,450.0
TRE RESIDENCES,2,4200.0,650.0
TREASURE LOFT,3,5000.0,950.0
TREASURE ON BALMORAL,4,10925.0,1950.0
TREASURE PLACE,3,4200.0,1350.0
TREASURES @ G20,1,2500.0,450.0
TREASURES@G19,1,2800.0,450.0
TREE HOUSE,2,3600.0,850.0
TREE HOUSE,3,5450.0,1250.0
TREE HOUSE,4,6250.0,1483.3333333333333
TRELLIS TOWERS,3,4550.0,1300.0
TRELLIS TOWERS,4,7200.0,1650.0
TRESALVEO,1,3000.0,550.0
TRESALVEO,2,4275.0,1000.0
TRESALVEO,3,6700.0,1600.0
TREVISTA,1,3350.0,550.0
TREVISTA,2,4212.5,925.0
TREVISTA,3,5460.0,1170.0
TREVISTA,4,7750.0,1750.0
TREVOSE PARK,3,7075.0,1850.0
TREVOSE PARK,4,9940.0,2400.0
TRIBECA,1,3800.0,550.0
TRIBECA,3,7825.0,1550.0
TRIBECA,4,17800.0,>3000
TRILIGHT,3,16150.0,2525.0
TRILIGHT,4,12000.0,2350.0
TRILIVE,1,3000.0,450.0
TRILIVE,2,3566.6666666666665,616.6666666666666
TROPICAL SPRING,3,4400.0,1350.0
TROPICANA CONDOMINIUM,3,4550.0,1650.0
TROPIKA EAST,1,2700.0,450.0
TROPIKA EAST,2,2700.0,750.0
TURQUOISE,3,10875.0,2337.5
TURQUOISE,4,12000.0,2350.0
TWENTYONE ANGULLIA PARK,3,20500.0,2250.0
TWENTYONE ANGULLIA PARK,4,30000.0,2750.0
TWIN FOUNTAINS,3,4700.0,1050.0
TWIN FOUNTAINS,4,5800.0,1350.0
TWIN REGENCY,2,5200.0,950.0
TWIN REGENCY,3,7380.0,1330.0
TWIN VEW,1,3500.0,450.0
TWIN VEW,2,4800.0,780.0
TWIN VEW,3,6480.0,1070.0
TWIN WATERFALLS,3,3600.0,1150.0
UBER 388,1,3500.0,650.0
UBER 388,2,4200.0,950.0
UBER 388,3,5600.0,1550.0
UE SQUARE,1,3800.0,550.0
UE SQUARE,2,5750.0,1150.0
UE SQUARE,3,7733.333333333333,1483.3333333333333
UE SQUARE,4,6500.0,2050.0
UNITED MANSION,3,3850.0,1050.0
UP@ROBERTSON QUAY,1,4500.0,550.0
UPTOWN @ FARRER,2,3966.6666666666665,550.0
URBAN EDGE @ HOLLAND V,2,5150.0,950.0
URBAN LOFTS,1,3300.0,550.0
URBAN RESORT CONDOMINIUM,3,10500.0,2150.0
URBAN RESORT CONDOMINIUM,4,15200.0,2550.0
URBAN SUITES,2,7000.0,1050.0
URBAN SUITES,3,10700.0,1630.0
URBAN SUITES,4,27000.0,>3000
URBAN VISTA,1,2760.0,450.0
URBAN VISTA,2,3187.5,587.5
URBAN VISTA,3,4466.666666666667,850.0
URBANA,2,6500.0,1050.0
URBANA,4,9000.0,1450.0
V ON SHENTON,1,4550.0,635.7142857142857
V ON SHENTON,2,6514.285714285715,1021.4285714285714
V ON SHENTON,3,9550.0,1450.0
VA RESIDENCES,1,2925.0,550.0
VACANZA @ EAST,1,2560.0,500.0
VACANZA @ EAST,2,3350.0,825.0
VACANZA @ EAST,3,4100.0,1050.0
VACANZA @ EAST,4,6050.0,2350.0
VALLEY HOUSE,3,5720.0,1650.0
VALLEY PARK,1,4260.0,790.0
VALLEY PARK,2,6076.923076923077,1273.076923076923
VARSITY PARK CONDOMINIUM,2,5960.0,1290.0
VARSITY PARK CONDOMINIUM,3,6700.0,1537.5
VARSITY PARK CONDOMINIUM,4,8500.0,2350.0
VENEZIO,2,3600.0,1050.0
VENTANA,2,4800.0,950.0
VENTANA,3,4850.0,1450.0
VENTUNO BALMORAL,3,6200.0,1350.0
VERDOR RESIDENCES,2,4188.0,850.0
VERDURE,2,4950.0,1000.0
VERDURE,3,7600.0,1550.0
VERDURE,4,11500.0,2250.0
VERSAILLES,3,4000.0,1250.0
VERSILIA ON HAIG,2,4100.0,1050.0
VERSILIA ON HAIG,3,4975.0,1200.0
VERTIS,2,5750.0,1250.0
VIBES @ EAST COAST,1,2983.3333333333335,416.6666666666667
VIBES @ KOVAN,1,2800.0,350.0
VIBES @ KOVAN,2,3400.0,750.0
VIBES@UPPER SERANGOON,1,2766.6666666666665,450.0
VICTORY HEIGHTS,3,4800.0,1150.0
VIDA,1,3710.0,550.0
VIDA,2,5000.0,850.0
VIENTO,1,3000.0,450.0
VIIO @ BALESTIER,2,3200.0,550.0
VIIO @ BALESTIER,3,5000.0,1050.0
VILLA DE WEST,2,3866.6666666666665,1016.6666666666666
VILLA DE WEST,3,5200.0,1650.0
VILLA DELLE ROSE,3,11918.181818181818,2586.3636363636365
VILLA DES FLORES,3,5500.0,1750.0
VILLA MARINA,2,3666.6666666666665,1283.3333333333333
VILLA MARINA,3,5575.0,1300.0
VILLA MARTIA,2,4500.0,1050.0
VILLAGE @ PASIR PANJANG,2,4260.0,890.0
VILLAGE @ PASIR PANJANG,3,5850.0,1100.0
VILLAGE @ PASIR PANJANG,4,5500.0,1350.0
VILLAGE TOWER,4,9900.0,2650.0
VILLE ROYALE,3,7200.0,1350.0
VISIONCREST,1,4900.0,850.0
VISIONCREST,2,5914.285714285715,1007.1428571428571
VISIONCREST,3,7100.0,1250.0
VISTA RESIDENCES,1,3300.0,650.0
VISTA RESIDENCES,3,5466.666666666667,1150.0
VISTA RESIDENCES,4,5800.0,1350.0
VIVA,2,6650.0,1000.0
VIVA,3,9600.0,1550.0
VIVA,4,11475.0,1900.0
VIVA VISTA,1,3037.5,375.0
VIVA VISTA,2,3900.0,700.0
VIVACE,1,3400.0,350.0
VIVACE,2,4016.6666666666665,583.3333333333334
VIZ AT HOLLAND,1,3200.0,450.0
VIZ AT HOLLAND,3,6500.0,1250.0
VOLARI,2,6200.0,1350.0
VOLARI,4,16000.0,>3000
VUE 8 RESIDENCE,2,3900.0,783.3333333333334
VUE 8 RESIDENCE,3,4700.0,1050.0
VUE 8 RESIDENCE,4,6800.0,1650.0
WALLICH RESIDENCE,1,7600.0,650.0
WALLICH RESIDENCE,2,9400.0,850.0
WALLICH RESIDENCE,3,12000.0,1350.0
WANDERVALE,3,4400.0,1050.0
WARNER COURT,2,5166.666666666667,1216.6666666666667
WATER PLACE,2,4900.0,950.0
WATER PLACE,3,6233.333333333333,1305.5555555555557
WATER PLACE,5,30000.0,>3000
WATERBANK AT DAKOTA,1,3832.5,550.0
WATERBANK AT DAKOTA,3,6160.0,1210.0
WATERBAY,3,4250.0,1050.0
WATERCOLOURS,2,3200.0,750.0
WATERCOLOURS,3,4025.0,950.0
WATERFALL GARDENS,3,8350.0,1850.0
WATERFALL GARDENS,4,10000.0,2550.0
WATERFORD RESIDENCE,3,6700.0,1150.0
WATERFRONT @ FABER,2,3250.0,750.0
WATERFRONT @ FABER,4,5000.0,1250.0
WATERFRONT GOLD,2,4300.0,850.0
WATERFRONT GOLD,3,5350.0,1250.0
WATERFRONT GOLD,4,7000.0,1450.0
WATERFRONT ISLE,1,3425.0,550.0
WATERFRONT ISLE,2,4375.0,975.0
WATERFRONT ISLE,3,5410.0,1210.0
WATERFRONT KEY,2,4200.0,950.0
WATERFRONT KEY,3,5300.0,1225.0
WATERFRONT WAVES,2,3750.0,950.0
WATERFRONT WAVES,3,5033.333333333333,1250.0
WATERMARK ROBERTSON QUAY,2,6200.0,950.0
WATERMARK ROBERTSON QUAY,3,10300.0,1750.0
WATERSCAPE AT CAVENAGH,1,3550.0,550.0
WATERSCAPE AT CAVENAGH,2,5800.0,1100.0
WATERSCAPE AT CAVENAGH,3,7000.0,1250.0
WATERSCAPE AT CAVENAGH,4,6500.0,1550.0
WATERTOWN,1,3273.076923076923,550.0
WATERTOWN,2,4166.666666666667,916.6666666666666
WATERTOWN,3,5700.0,1150.0
WATERTOWN,4,6750.0,1350.0
WATERVIEW,2,3250.0,870.0
WATERVIEW,3,4466.666666666667,1150.0
WATTEN ESTATE CONDOMINIUM,2,6475.0,1800.0
WATTEN HILL,2,7050.0,1700.0
WEST BAY CONDOMINIUM,2,3980.769230769231,896.1538461538462
WEST BAY CONDOMINIUM,3,5575.0,1241.6666666666667
WESTCOVE CONDOMINIUM,2,4750.0,1150.0
WESTCOVE CONDOMINIUM,3,5191.666666666667,1300.0
WESTMERE,3,4720.0,1190.0
WESTPOINT CONDOMINIUM,3,5793.0,1950.0
WESTPOINT CONDOMINIUM,4,7715.0,2450.0
WESTPOINT CONDOMINIUM,5,8185.0,2850.0
WESTWOOD RESIDENCES,3,4800.0,1050.0
WESTWOOD RESIDENCES,4,6100.0,1183.3333333333333
WHARTON VALE,2,4700.0,650.0
WHISTLER GRAND,1,3639.285714285714,485.7142857142857
WHISTLER GRAND,2,4460.0,666.6666666666666
WHISTLER GRAND,3,4700.0,950.0
WHISTLER GRAND,4,6200.0,1250.0
WHITEHAVEN,2,3955.5555555555557,627.7777777777778
WHITEHAVEN,3,4962.5,750.0
WHITEHAVEN,4,6056.25,1012.5
WHITEWATER,3,4350.0,1200.0
WHITEWATER,4,3900.0,1350.0
WILKIE 48,2,4100.0,850.0
WILKIE COURT,3,4500.0,1050.0
WILKIE STUDIO,2,4500.0,750.0
WILKIE STUDIO,3,5600.0,1250.0
WILLYN VILLE,2,3500.0,950.0
WILMER HOUSE,3,7750.0,1850.0
WINDERMERE,3,3900.0,1316.6666666666667
WINDY HEIGHTS,4,5600.0,2450.0
WING FONG MANSIONS/WING FONG COURT,1,4300.0,650.0
WING FONG MANSIONS/WING FONG COURT,2,4100.0,950.0
WING FONG MANSIONS/WING FONG COURT,3,4600.0,1250.0
WOODGROVE CONDOMINIUM,3,5653.846153846154,1650.0
WOODHAVEN,1,2841.6666666666665,616.6666666666666
WOODHAVEN,2,3733.3333333333335,850.0
WOODHAVEN,3,4840.0,1190.0
WOODSVALE,3,4155.555555555556,1272.2222222222222
WOODSVILLE 28,3,6800.0,1350.0
WOOLLERTON PARK,3,9800.0,2350.0
WOOLLERTON PARK,4,11000.0,2750.0
WORTHINGTON,1,3600.0,750.0
YEW MEI GREEN,3,4300.0,1325.0
YGK GARDEN,4,13000.0,>3000
YISHUN EMERALD,2,2700.0,950.0
YONG AN PARK,2,5000.0,1050.0
YONG AN PARK,3,8300.0,2116.6666666666665
YONG AN PARK,4,15250.0,>3000
ZEDGE,1,3450.0,550.0
ZEDGE,2,4150.0,800.0
ZENITH,2,4500.0,750.0
